 NIR [Negros Island Region] , Negros Occidental , Bacolod City (Capital) , Alangilan ,1768
 NIR [Negros Island Region] , Negros Occidental , Bacolod City (Capital) , Alijis ,344
 NIR [Negros Island Region] , Negros Occidental , Bacolod City (Capital) , Banago ,4116
 NIR [Negros Island Region] , Negros Occidental , Bacolod City (Capital) , Barangay 1 (Pob.) ,536
 NIR [Negros Island Region] , Negros Occidental , Bacolod City (Capital) , Barangay 10 (Pob.) ,464
 NIR [Negros Island Region] , Negros Occidental , Bacolod City (Capital) , Barangay 11 (Pob.) ,16
 NIR [Negros Island Region] , Negros Occidental , Bacolod City (Capital) , Barangay 12 (Pob.) ,156
 NIR [Negros Island Region] , Negros Occidental , Bacolod City (Capital) , Barangay 13 (Pob.) ,396
 NIR [Negros Island Region] , Negros Occidental , Bacolod City (Capital) , Barangay 14 (Pob.) ,440
 NIR [Negros Island Region] , Negros Occidental , Bacolod City (Capital) , Barangay 16 (Pob.) ,680
 NIR [Negros Island Region] , Negros Occidental , Bacolod City (Capital) , Barangay 17 (Pob.) ,128
 NIR [Negros Island Region] , Negros Occidental , Bacolod City (Capital) , Barangay 18 (Pob.) ,0
 NIR [Negros Island Region] , Negros Occidental , Bacolod City (Capital) , Barangay 19 (Pob.) ,64
 NIR [Negros Island Region] , Negros Occidental , Bacolod City (Capital) , Barangay 2 (Pob.) ,692
 NIR [Negros Island Region] , Negros Occidental , Bacolod City (Capital) , Barangay 23 (Pob.) ,20
 NIR [Negros Island Region] , Negros Occidental , Bacolod City (Capital) , Barangay 26 (Pob.) ,156
 NIR [Negros Island Region] , Negros Occidental , Bacolod City (Capital) , Barangay 27 (Pob.) ,252
 NIR [Negros Island Region] , Negros Occidental , Bacolod City (Capital) , Barangay 28 (Pob.) ,164
 NIR [Negros Island Region] , Negros Occidental , Bacolod City (Capital) , Barangay 29 (Pob.) ,136
 NIR [Negros Island Region] , Negros Occidental , Bacolod City (Capital) , Barangay 3 (Pob.) ,328
 NIR [Negros Island Region] , Negros Occidental , Bacolod City (Capital) , Barangay 30 (Pob.) ,116
 NIR [Negros Island Region] , Negros Occidental , Bacolod City (Capital) , Barangay 31 (Pob.) ,0
 NIR [Negros Island Region] , Negros Occidental , Bacolod City (Capital) , Barangay 32 (Pob.) ,0
 NIR [Negros Island Region] , Negros Occidental , Bacolod City (Capital) , Barangay 33 (Pob.) ,32
 NIR [Negros Island Region] , Negros Occidental , Bacolod City (Capital) , Barangay 34 (Pob.) ,84
 NIR [Negros Island Region] , Negros Occidental , Bacolod City (Capital) , Barangay 35 (Pob.) ,400
 NIR [Negros Island Region] , Negros Occidental , Bacolod City (Capital) , Barangay 36 (Pob.) ,52
 NIR [Negros Island Region] , Negros Occidental , Bacolod City (Capital) , Barangay 37 (Pob.) ,8
 NIR [Negros Island Region] , Negros Occidental , Bacolod City (Capital) , Barangay 38 (Pob.) ,32
 NIR [Negros Island Region] , Negros Occidental , Bacolod City (Capital) , Barangay 39 (Pob.) ,324
 NIR [Negros Island Region] , Negros Occidental , Bacolod City (Capital) , Barangay 4 (Pob.) ,32
 NIR [Negros Island Region] , Negros Occidental , Bacolod City (Capital) , Barangay 40 (Pob.) ,264
 NIR [Negros Island Region] , Negros Occidental , Bacolod City (Capital) , Barangay 6 (Pob.) ,392
 NIR [Negros Island Region] , Negros Occidental , Bacolod City (Capital) , Barangay 7 (Pob.) ,228
 NIR [Negros Island Region] , Negros Occidental , Bacolod City (Capital) , Barangay 8 (Pob.) ,300
 NIR [Negros Island Region] , Negros Occidental , Bacolod City (Capital) , Barangay 9 (Pob.) ,0
 NIR [Negros Island Region] , Negros Occidental , Bacolod City (Capital) , Bata ,900
 NIR [Negros Island Region] , Negros Occidental , Bacolod City (Capital) , Cabug ,860
 NIR [Negros Island Region] , Negros Occidental , Bacolod City (Capital) , Estefania ,188
 NIR [Negros Island Region] , Negros Occidental , Bacolod City (Capital) , Felisa ,1612
 NIR [Negros Island Region] , Negros Occidental , Bacolod City (Capital) , Granada ,1756
 NIR [Negros Island Region] , Negros Occidental , Bacolod City (Capital) , Handumanan ,1556
 NIR [Negros Island Region] , Negros Occidental , Bacolod City (Capital) , Mandalagan ,856
 NIR [Negros Island Region] , Negros Occidental , Bacolod City (Capital) , Mansilingan ,1692
 NIR [Negros Island Region] , Negros Occidental , Bacolod City (Capital) , Montevista ,0
 NIR [Negros Island Region] , Negros Occidental , Bacolod City (Capital) , Pahanocoy ,568
 NIR [Negros Island Region] , Negros Occidental , Bacolod City (Capital) , Punta Taytay ,524
 NIR [Negros Island Region] , Negros Occidental , Bacolod City (Capital) , Singcang-Airport ,1664
 NIR [Negros Island Region] , Negros Occidental , Bacolod City (Capital) , Sum-Ag ,968
 NIR [Negros Island Region] , Negros Occidental , Bacolod City (Capital) , Taculing ,1840
 NIR [Negros Island Region] , Negros Occidental , Bacolod City (Capital) , Tangub ,1464
 NIR [Negros Island Region] , Negros Occidental , Bacolod City (Capital) , Villamonte ,344
 NIR [Negros Island Region] , Negros Occidental , Bacolod City (Capital) , Vista Alegre ,1420
 NIR [Negros Island Region] , Negros Occidental , Bago City , Abuanan ,1772
 NIR [Negros Island Region] , Negros Occidental , Bago City , Alianza ,1068
 NIR [Negros Island Region] , Negros Occidental , Bago City , Atipuluan ,528
 NIR [Negros Island Region] , Negros Occidental , Bago City , Bacong-Montilla ,3640
 NIR [Negros Island Region] , Negros Occidental , Bago City , Bagroy ,632
 NIR [Negros Island Region] , Negros Occidental , Bago City , Balingasag ,1036
 NIR [Negros Island Region] , Negros Occidental , Bago City , Binubuhan ,2300
 NIR [Negros Island Region] , Negros Occidental , Bago City , Busay ,2264
 NIR [Negros Island Region] , Negros Occidental , Bago City , Calumangan ,1720
 NIR [Negros Island Region] , Negros Occidental , Bago City , Caridad ,1084
 NIR [Negros Island Region] , Negros Occidental , Bago City , Dulao ,2672
 NIR [Negros Island Region] , Negros Occidental , Bago City , Ilijan ,1416
 NIR [Negros Island Region] , Negros Occidental , Bago City , Jorge L. Araneta (Ma-Ao Central) ,2884
 NIR [Negros Island Region] , Negros Occidental , Bago City , Lag-Asan ,1764
 NIR [Negros Island Region] , Negros Occidental , Bago City , Ma-Ao Barrio ,5056
 NIR [Negros Island Region] , Negros Occidental , Bago City , Mailum ,3736
 NIR [Negros Island Region] , Negros Occidental , Bago City , Malingin ,2544
 NIR [Negros Island Region] , Negros Occidental , Bago City , Napoles ,2152
 NIR [Negros Island Region] , Negros Occidental , Bago City , Pacol ,1296
 NIR [Negros Island Region] , Negros Occidental , Bago City , Poblacion ,1292
 NIR [Negros Island Region] , Negros Occidental , Bago City , Sagasa ,1548
 NIR [Negros Island Region] , Negros Occidental , Bago City , Sampinit ,1288
 NIR [Negros Island Region] , Negros Occidental , Bago City , Tabunan ,1884
 NIR [Negros Island Region] , Negros Occidental , Bago City , Taloc ,3120
 NIR [Negros Island Region] , Negros Occidental , Binalbagan , Amontay ,1528
 NIR [Negros Island Region] , Negros Occidental , Binalbagan , Bagroy ,840
 NIR [Negros Island Region] , Negros Occidental , Binalbagan , Bi-Ao ,3940
 NIR [Negros Island Region] , Negros Occidental , Binalbagan , Canmoros (Pob.) ,1104
 NIR [Negros Island Region] , Negros Occidental , Binalbagan , Enclaro ,1152
 NIR [Negros Island Region] , Negros Occidental , Binalbagan , Marina (Pob.) ,632
 NIR [Negros Island Region] , Negros Occidental , Binalbagan , Paglaum (Pob.) ,288
 NIR [Negros Island Region] , Negros Occidental , Binalbagan , Payao ,3264
 NIR [Negros Island Region] , Negros Occidental , Binalbagan , Progreso (Pob.) ,524
 NIR [Negros Island Region] , Negros Occidental , Binalbagan , San Jose ,1088
 NIR [Negros Island Region] , Negros Occidental , Binalbagan , San Juan (Pob.) ,440
 NIR [Negros Island Region] , Negros Occidental , Binalbagan , San Pedro (Pob.) ,308
 NIR [Negros Island Region] , Negros Occidental , Binalbagan , San Teodoro (Pob.) ,224
 NIR [Negros Island Region] , Negros Occidental , Binalbagan , San Vicente (Pob.) ,396
 NIR [Negros Island Region] , Negros Occidental , Binalbagan , Santo Rosario (Pob.) ,384
 NIR [Negros Island Region] , Negros Occidental , Binalbagan , Santol ,3624
 NIR [Negros Island Region] , Negros Occidental , Cadiz City , Andres Bonifacio ,2312
 NIR [Negros Island Region] , Negros Occidental , Cadiz City , Banquerohan ,1852
 NIR [Negros Island Region] , Negros Occidental , Cadiz City , Barangay 1 Pob. (Zone 1) ,1412
 NIR [Negros Island Region] , Negros Occidental , Cadiz City , Barangay 2 Pob. (Zone 2) ,1128
 NIR [Negros Island Region] , Negros Occidental , Cadiz City , Barangay 3 Pob. (Zone 3) ,680
 NIR [Negros Island Region] , Negros Occidental , Cadiz City , Barangay 4 Pob. (Zone 4) ,1152
 NIR [Negros Island Region] , Negros Occidental , Cadiz City , Barangay 5 Pob. (Zone 5) ,200
 NIR [Negros Island Region] , Negros Occidental , Cadiz City , Barangay 6 Pob. (Zone 6) ,1772
 NIR [Negros Island Region] , Negros Occidental , Cadiz City , Burgos ,1068
 NIR [Negros Island Region] , Negros Occidental , Cadiz City , Cabahug ,2572
 NIR [Negros Island Region] , Negros Occidental , Cadiz City , Cadiz Viejo ,1172
 NIR [Negros Island Region] , Negros Occidental , Cadiz City , Caduha-An ,3888
 NIR [Negros Island Region] , Negros Occidental , Cadiz City , Celestino Villacin ,1796
 NIR [Negros Island Region] , Negros Occidental , Cadiz City , Daga ,3320
 NIR [Negros Island Region] , Negros Occidental , Cadiz City , Jerusalem ,1400
 NIR [Negros Island Region] , Negros Occidental , Cadiz City , Luna ,3388
 NIR [Negros Island Region] , Negros Occidental , Cadiz City , Mabini ,3364
 NIR [Negros Island Region] , Negros Occidental , Cadiz City , Magsaysay ,2424
 NIR [Negros Island Region] , Negros Occidental , Cadiz City , Sicaba ,1340
 NIR [Negros Island Region] , Negros Occidental , Cadiz City , Tiglawigan ,2424
 NIR [Negros Island Region] , Negros Occidental , Cadiz City , Tinampa-An ,2716
 NIR [Negros Island Region] , Negros Occidental , Cadiz City , V. F. Gustilo ,1288
 NIR [Negros Island Region] , Negros Occidental , Calatrava , Agpangi ,880
 NIR [Negros Island Region] , Negros Occidental , Calatrava , Ani-E ,408
 NIR [Negros Island Region] , Negros Occidental , Calatrava , Bagacay ,448
 NIR [Negros Island Region] , Negros Occidental , Calatrava , Bantayanon ,1304
 NIR [Negros Island Region] , Negros Occidental , Calatrava , Buenavista ,712
 NIR [Negros Island Region] , Negros Occidental , Calatrava , Cabungahan ,216
 NIR [Negros Island Region] , Negros Occidental , Calatrava , Calampisawan ,708
 NIR [Negros Island Region] , Negros Occidental , Calatrava , Cambayobo ,672
 NIR [Negros Island Region] , Negros Occidental , Calatrava , Castellano ,524
 NIR [Negros Island Region] , Negros Occidental , Calatrava , Cruz ,520
 NIR [Negros Island Region] , Negros Occidental , Calatrava , Dolis ,972
 NIR [Negros Island Region] , Negros Occidental , Calatrava , Hilub-Ang ,1116
 NIR [Negros Island Region] , Negros Occidental , Calatrava , Hinab-Ongan ,704
 NIR [Negros Island Region] , Negros Occidental , Calatrava , Ilaya ,676
 NIR [Negros Island Region] , Negros Occidental , Calatrava , Laga-An ,812
 NIR [Negros Island Region] , Negros Occidental , Calatrava , Lalong ,1000
 NIR [Negros Island Region] , Negros Occidental , Calatrava , Lemery ,344
 NIR [Negros Island Region] , Negros Occidental , Calatrava , Lipat-On ,420
 NIR [Negros Island Region] , Negros Occidental , Calatrava , Lo-Ok (Pob.) ,140
 NIR [Negros Island Region] , Negros Occidental , Calatrava , Ma-Aslob ,868
 NIR [Negros Island Region] , Negros Occidental , Calatrava , Macasilao ,1016
 NIR [Negros Island Region] , Negros Occidental , Calatrava , Mahilum ,260
 NIR [Negros Island Region] , Negros Occidental , Calatrava , Malanog ,492
 NIR [Negros Island Region] , Negros Occidental , Calatrava , Malatas ,444
 NIR [Negros Island Region] , Negros Occidental , Calatrava , Marcelo ,1884
 NIR [Negros Island Region] , Negros Occidental , Calatrava , Menchaca ,760
 NIR [Negros Island Region] , Negros Occidental , Calatrava , Minapasuk ,2780
 NIR [Negros Island Region] , Negros Occidental , Calatrava , Mina-Utok ,1144
 NIR [Negros Island Region] , Negros Occidental , Calatrava , Paghumayan ,536
 NIR [Negros Island Region] , Negros Occidental , Calatrava , Pantao ,516
 NIR [Negros Island Region] , Negros Occidental , Calatrava , Patun-An ,588
 NIR [Negros Island Region] , Negros Occidental , Calatrava , Pinocutan ,380
 NIR [Negros Island Region] , Negros Occidental , Calatrava , Refugio ,476
 NIR [Negros Island Region] , Negros Occidental , Calatrava , San Benito ,568
 NIR [Negros Island Region] , Negros Occidental , Calatrava , San Isidro ,1052
 NIR [Negros Island Region] , Negros Occidental , Calatrava , Suba (Pob.) ,880
 NIR [Negros Island Region] , Negros Occidental , Calatrava , Telim ,608
 NIR [Negros Island Region] , Negros Occidental , Calatrava , Tigbao ,596
 NIR [Negros Island Region] , Negros Occidental , Calatrava , Tigbon ,628
 NIR [Negros Island Region] , Negros Occidental , Calatrava , Winaswasan ,684
 NIR [Negros Island Region] , Negros Occidental , Candoni , Agboy ,968
 NIR [Negros Island Region] , Negros Occidental , Candoni , Banga ,664
 NIR [Negros Island Region] , Negros Occidental , Candoni , Cabia-An ,600
 NIR [Negros Island Region] , Negros Occidental , Candoni , Caningay ,1336
 NIR [Negros Island Region] , Negros Occidental , Candoni , Gatuslao ,1136
 NIR [Negros Island Region] , Negros Occidental , Candoni , Haba ,1104
 NIR [Negros Island Region] , Negros Occidental , Candoni , Payauan ,1328
 NIR [Negros Island Region] , Negros Occidental , Candoni , Poblacion East ,1164
 NIR [Negros Island Region] , Negros Occidental , Candoni , Poblacion West ,1124
 NIR [Negros Island Region] , Negros Occidental , Cauayan , Abaca ,692
 NIR [Negros Island Region] , Negros Occidental , Cauayan , Baclao ,608
 NIR [Negros Island Region] , Negros Occidental , Cauayan , Basak ,1756
 NIR [Negros Island Region] , Negros Occidental , Cauayan , Bulata ,1820
 NIR [Negros Island Region] , Negros Occidental , Cauayan , Caliling ,1952
 NIR [Negros Island Region] , Negros Occidental , Cauayan , Camalanda-An ,2324
 NIR [Negros Island Region] , Negros Occidental , Cauayan , Camindangan ,1124
 NIR [Negros Island Region] , Negros Occidental , Cauayan , Elihan ,592
 NIR [Negros Island Region] , Negros Occidental , Cauayan , Guiljungan ,4500
 NIR [Negros Island Region] , Negros Occidental , Cauayan , Inayawan ,4008
 NIR [Negros Island Region] , Negros Occidental , Cauayan , Isio ,1976
 NIR [Negros Island Region] , Negros Occidental , Cauayan , Linaon ,1500
 NIR [Negros Island Region] , Negros Occidental , Cauayan , Lumbia ,940
 NIR [Negros Island Region] , Negros Occidental , Cauayan , Mambugsay ,2096
 NIR [Negros Island Region] , Negros Occidental , Cauayan , Man-Uling ,1164
 NIR [Negros Island Region] , Negros Occidental , Cauayan , Masaling ,1672
 NIR [Negros Island Region] , Negros Occidental , Cauayan , Molobolo ,684
 NIR [Negros Island Region] , Negros Occidental , Cauayan , Poblacion ,2828
 NIR [Negros Island Region] , Negros Occidental , Cauayan , Sura ,268
 NIR [Negros Island Region] , Negros Occidental , Cauayan , Talacdan ,2104
 NIR [Negros Island Region] , Negros Occidental , Cauayan , Tambad ,500
 NIR [Negros Island Region] , Negros Occidental , Cauayan , Tiling ,1568
 NIR [Negros Island Region] , Negros Occidental , Cauayan , Tomina ,640
 NIR [Negros Island Region] , Negros Occidental , Cauayan , Tuyom ,2244
 NIR [Negros Island Region] , Negros Occidental , Cauayan , Yao-Yao ,1136
 NIR [Negros Island Region] , Negros Occidental , City Of Escalante , Alimango ,1516
 NIR [Negros Island Region] , Negros Occidental , City Of Escalante , Balintawak (Pob.) ,1572
 NIR [Negros Island Region] , Negros Occidental , City Of Escalante , Binaguiohan ,1008
 NIR [Negros Island Region] , Negros Occidental , City Of Escalante , Buenavista ,804
 NIR [Negros Island Region] , Negros Occidental , City Of Escalante , Cervantes ,916
 NIR [Negros Island Region] , Negros Occidental , City Of Escalante , Dian-Ay ,1084
 NIR [Negros Island Region] , Negros Occidental , City Of Escalante , Hacienda Fe ,4
 NIR [Negros Island Region] , Negros Occidental , City Of Escalante , Japitan ,616
 NIR [Negros Island Region] , Negros Occidental , City Of Escalante , Jonobjonob ,2220
 NIR [Negros Island Region] , Negros Occidental , City Of Escalante , Langub ,632
 NIR [Negros Island Region] , Negros Occidental , City Of Escalante , Libertad ,1236
 NIR [Negros Island Region] , Negros Occidental , City Of Escalante , Mabini ,2668
 NIR [Negros Island Region] , Negros Occidental , City Of Escalante , Magsaysay (Binabongol) ,776
 NIR [Negros Island Region] , Negros Occidental , City Of Escalante , Malasibog ,1660
 NIR [Negros Island Region] , Negros Occidental , City Of Escalante , Old Poblacion ,2060
 NIR [Negros Island Region] , Negros Occidental , City Of Escalante , Paitan ,884
 NIR [Negros Island Region] , Negros Occidental , City Of Escalante , Pinapugasan ,1240
 NIR [Negros Island Region] , Negros Occidental , City Of Escalante , Rizal ,504
 NIR [Negros Island Region] , Negros Occidental , City Of Escalante , Tamlang ,944
 NIR [Negros Island Region] , Negros Occidental , City Of Escalante , Udtongan ,880
 NIR [Negros Island Region] , Negros Occidental , City Of Escalante , Washington ,1688
 NIR [Negros Island Region] , Negros Occidental , City Of Himamaylan , Aguisan ,2124
 NIR [Negros Island Region] , Negros Occidental , City Of Himamaylan , Barangay I (Pob.) ,192
 NIR [Negros Island Region] , Negros Occidental , City Of Himamaylan , Barangay Ii (Pob.) ,444
 NIR [Negros Island Region] , Negros Occidental , City Of Himamaylan , Barangay Iii (Pob.) ,1480
 NIR [Negros Island Region] , Negros Occidental , City Of Himamaylan , Barangay Iv (Pob.) ,900
 NIR [Negros Island Region] , Negros Occidental , City Of Himamaylan , Buenavista ,4396
 NIR [Negros Island Region] , Negros Occidental , City Of Himamaylan , Cabadiangan ,1924
 NIR [Negros Island Region] , Negros Occidental , City Of Himamaylan , Cabanbanan ,700
 NIR [Negros Island Region] , Negros Occidental , City Of Himamaylan , Carabalan ,4692
 NIR [Negros Island Region] , Negros Occidental , City Of Himamaylan , Caradio-An ,2772
 NIR [Negros Island Region] , Negros Occidental , City Of Himamaylan , Libacao ,1740
 NIR [Negros Island Region] , Negros Occidental , City Of Himamaylan , Mahalang ,2428
 NIR [Negros Island Region] , Negros Occidental , City Of Himamaylan , Mambagaton ,1728
 NIR [Negros Island Region] , Negros Occidental , City Of Himamaylan , Nabali-An ,640
 NIR [Negros Island Region] , Negros Occidental , City Of Himamaylan , San Antonio ,1768
 NIR [Negros Island Region] , Negros Occidental , City Of Himamaylan , Sara-Et ,1204
 NIR [Negros Island Region] , Negros Occidental , City Of Himamaylan , Su-Ay ,1572
 NIR [Negros Island Region] , Negros Occidental , City Of Himamaylan , Talaban ,1740
 NIR [Negros Island Region] , Negros Occidental , City Of Himamaylan , To-Oy ,1300
 NIR [Negros Island Region] , Negros Occidental , City Of Kabankalan , Bantayan ,4124
 NIR [Negros Island Region] , Negros Occidental , City Of Kabankalan , Barangay 1 (Pob.) ,440
 NIR [Negros Island Region] , Negros Occidental , City Of Kabankalan , Barangay 2 (Pob.) ,144
 NIR [Negros Island Region] , Negros Occidental , City Of Kabankalan , Barangay 3 (Pob.) ,72
 NIR [Negros Island Region] , Negros Occidental , City Of Kabankalan , Barangay 4 (Pob.) ,276
 NIR [Negros Island Region] , Negros Occidental , City Of Kabankalan , Barangay 5 (Pob.) ,68
 NIR [Negros Island Region] , Negros Occidental , City Of Kabankalan , Barangay 6 (Pob.) ,568
 NIR [Negros Island Region] , Negros Occidental , City Of Kabankalan , Barangay 7 (Pob.) ,60
 NIR [Negros Island Region] , Negros Occidental , City Of Kabankalan , Barangay 8 (Pob.) ,80
 NIR [Negros Island Region] , Negros Occidental , City Of Kabankalan , Barangay 9 (Pob.) ,256
 NIR [Negros Island Region] , Negros Occidental , City Of Kabankalan , Binicuil ,1100
 NIR [Negros Island Region] , Negros Occidental , City Of Kabankalan , Camansi ,3136
 NIR [Negros Island Region] , Negros Occidental , City Of Kabankalan , Camingawan ,3344
 NIR [Negros Island Region] , Negros Occidental , City Of Kabankalan , Camugao ,468
 NIR [Negros Island Region] , Negros Occidental , City Of Kabankalan , Carol-An ,3776
 NIR [Negros Island Region] , Negros Occidental , City Of Kabankalan , Daan Banua ,1052
 NIR [Negros Island Region] , Negros Occidental , City Of Kabankalan , Hilamonan ,3840
 NIR [Negros Island Region] , Negros Occidental , City Of Kabankalan , Inapoy ,1568
 NIR [Negros Island Region] , Negros Occidental , City Of Kabankalan , Linao ,696
 NIR [Negros Island Region] , Negros Occidental , City Of Kabankalan , Locotan ,2148
 NIR [Negros Island Region] , Negros Occidental , City Of Kabankalan , Magballo ,1828
 NIR [Negros Island Region] , Negros Occidental , City Of Kabankalan , Oringao ,4896
 NIR [Negros Island Region] , Negros Occidental , City Of Kabankalan , Orong ,3076
 NIR [Negros Island Region] , Negros Occidental , City Of Kabankalan , Pinaguinpinan ,1584
 NIR [Negros Island Region] , Negros Occidental , City Of Kabankalan , Salong ,3476
 NIR [Negros Island Region] , Negros Occidental , City Of Kabankalan , Tabugon ,3520
 NIR [Negros Island Region] , Negros Occidental , City Of Kabankalan , Tagoc ,1380
 NIR [Negros Island Region] , Negros Occidental , City Of Kabankalan , Tagukon ,1956
 NIR [Negros Island Region] , Negros Occidental , City Of Kabankalan , Talubangi ,504
 NIR [Negros Island Region] , Negros Occidental , City Of Kabankalan , Tampalon ,5552
 NIR [Negros Island Region] , Negros Occidental , City Of Kabankalan , Tan-Awan ,3660
 NIR [Negros Island Region] , Negros Occidental , City Of Kabankalan , Tapi ,3992
 NIR [Negros Island Region] , Negros Occidental , City Of Sipalay , Barangay 1 (Pob.) ,24
 NIR [Negros Island Region] , Negros Occidental , City Of Sipalay , Barangay 2 (Pob.) ,960
 NIR [Negros Island Region] , Negros Occidental , City Of Sipalay , Barangay 3 (Pob.) ,356
 NIR [Negros Island Region] , Negros Occidental , City Of Sipalay , Barangay 4 (Pob.) ,1012
 NIR [Negros Island Region] , Negros Occidental , City Of Sipalay , Barangay 5 (Pob.) ,696
 NIR [Negros Island Region] , Negros Occidental , City Of Sipalay , Cabadiangan ,1972
 NIR [Negros Island Region] , Negros Occidental , City Of Sipalay , Camindangan ,4044
 NIR [Negros Island Region] , Negros Occidental , City Of Sipalay , Canturay ,1748
 NIR [Negros Island Region] , Negros Occidental , City Of Sipalay , Cartagena ,1860
 NIR [Negros Island Region] , Negros Occidental , City Of Sipalay , Cayhagan ,1480
 NIR [Negros Island Region] , Negros Occidental , City Of Sipalay , Gil Montilla ,2080
 NIR [Negros Island Region] , Negros Occidental , City Of Sipalay , Mambaroto ,1508
 NIR [Negros Island Region] , Negros Occidental , City Of Sipalay , Manlucahoc ,2996
 NIR [Negros Island Region] , Negros Occidental , City Of Sipalay , Maricalum ,1920
 NIR [Negros Island Region] , Negros Occidental , City Of Sipalay , Nabulao ,3008
 NIR [Negros Island Region] , Negros Occidental , City Of Sipalay , Nauhang ,1044
 NIR [Negros Island Region] , Negros Occidental , City Of Sipalay , San Jose ,1756
 NIR [Negros Island Region] , Negros Occidental , City Of Talisay , Bubog ,560
 NIR [Negros Island Region] , Negros Occidental , City Of Talisay , Cabatangan ,1028
 NIR [Negros Island Region] , Negros Occidental , City Of Talisay , Concepcion ,2492
 NIR [Negros Island Region] , Negros Occidental , City Of Talisay , Dos Hermanas ,2080
 NIR [Negros Island Region] , Negros Occidental , City Of Talisay , Efigenio Lizares ,984
 NIR [Negros Island Region] , Negros Occidental , City Of Talisay , Katilingban ,1068
 NIR [Negros Island Region] , Negros Occidental , City Of Talisay , Matab-Ang ,1808
 NIR [Negros Island Region] , Negros Occidental , City Of Talisay , San Fernando ,1328
 NIR [Negros Island Region] , Negros Occidental , City Of Talisay , Zone 1 (Pob.) ,176
 NIR [Negros Island Region] , Negros Occidental , City Of Talisay , Zone 10 (Pob.) ,704
 NIR [Negros Island Region] , Negros Occidental , City Of Talisay , Zone 11 (Pob.) ,144
 NIR [Negros Island Region] , Negros Occidental , City Of Talisay , Zone 12 (Pob.) ,96
 NIR [Negros Island Region] , Negros Occidental , City Of Talisay , Zone 12-A (Pob.) ,644
 NIR [Negros Island Region] , Negros Occidental , City Of Talisay , Zone 14 (Pob.) ,104
 NIR [Negros Island Region] , Negros Occidental , City Of Talisay , Zone 14-A (Pob.) ,188
 NIR [Negros Island Region] , Negros Occidental , City Of Talisay , Zone 14-B (Pob.) ,248
 NIR [Negros Island Region] , Negros Occidental , City Of Talisay , Zone 15 (Pob.) ,1056
 NIR [Negros Island Region] , Negros Occidental , City Of Talisay , Zone 16 (Pob.) ,696
 NIR [Negros Island Region] , Negros Occidental , City Of Talisay , Zone 2 (Pob.) ,108
 NIR [Negros Island Region] , Negros Occidental , City Of Talisay , Zone 3 (Pob.) ,1548
 NIR [Negros Island Region] , Negros Occidental , City Of Talisay , Zone 4 (Pob.) ,132
 NIR [Negros Island Region] , Negros Occidental , City Of Talisay , Zone 4-A (Pob.) ,116
 NIR [Negros Island Region] , Negros Occidental , City Of Talisay , Zone 5 (Pob.) ,360
 NIR [Negros Island Region] , Negros Occidental , City Of Talisay , Zone 6 (Pob.) ,172
 NIR [Negros Island Region] , Negros Occidental , City Of Talisay , Zone 7 (Pob.) ,136
 NIR [Negros Island Region] , Negros Occidental , City Of Talisay , Zone 8 (Pob.) ,100
 NIR [Negros Island Region] , Negros Occidental , City Of Talisay , Zone 9 (Pob.) ,76
 NIR [Negros Island Region] , Negros Occidental , City Of Victorias , Barangay I (Pob.) ,568
 NIR [Negros Island Region] , Negros Occidental , City Of Victorias , Barangay Ii (Pob.) ,128
 NIR [Negros Island Region] , Negros Occidental , City Of Victorias , Barangay Iii (Pob.) ,292
 NIR [Negros Island Region] , Negros Occidental , City Of Victorias , Barangay Iv (Pob.) ,96
 NIR [Negros Island Region] , Negros Occidental , City Of Victorias , Barangay Ix (Daan Banwa) ,1116
 NIR [Negros Island Region] , Negros Occidental , City Of Victorias , Barangay V (Pob.) ,152
 NIR [Negros Island Region] , Negros Occidental , City Of Victorias , Barangay Vi (Pob.) ,1212
 NIR [Negros Island Region] , Negros Occidental , City Of Victorias , Barangay Vi-A ,1524
 NIR [Negros Island Region] , Negros Occidental , City Of Victorias , Barangay Vii (Pob.) ,216
 NIR [Negros Island Region] , Negros Occidental , City Of Victorias , Barangay Viii (Pob.) ,1852
 NIR [Negros Island Region] , Negros Occidental , City Of Victorias , Barangay X (Estado) ,2312
 NIR [Negros Island Region] , Negros Occidental , City Of Victorias , Barangay Xi (Gawahon) ,1312
 NIR [Negros Island Region] , Negros Occidental , City Of Victorias , Barangay Xii ,1236
 NIR [Negros Island Region] , Negros Occidental , City Of Victorias , Barangay Xiii ,2100
 NIR [Negros Island Region] , Negros Occidental , City Of Victorias , Barangay Xiv ,1584
 NIR [Negros Island Region] , Negros Occidental , City Of Victorias , Barangay Xix ,492
 NIR [Negros Island Region] , Negros Occidental , City Of Victorias , Barangay Xix-A ,508
 NIR [Negros Island Region] , Negros Occidental , City Of Victorias , Barangay Xv ,24
 NIR [Negros Island Region] , Negros Occidental , City Of Victorias , Barangay Xv-A ,8
 NIR [Negros Island Region] , Negros Occidental , City Of Victorias , Barangay Xvi ,12
 NIR [Negros Island Region] , Negros Occidental , City Of Victorias , Barangay Xvi-A ,32
 NIR [Negros Island Region] , Negros Occidental , City Of Victorias , Barangay Xvii ,164
 NIR [Negros Island Region] , Negros Occidental , City Of Victorias , Barangay Xviii ,48
 NIR [Negros Island Region] , Negros Occidental , City Of Victorias , Barangay Xviii-A ,488
 NIR [Negros Island Region] , Negros Occidental , City Of Victorias , Barangay Xx ,2464
 NIR [Negros Island Region] , Negros Occidental , City Of Victorias , Barangay Xxi ,980
 NIR [Negros Island Region] , Negros Occidental , Enrique B. Magalona (Saravia) , Alacaygan ,1068
 NIR [Negros Island Region] , Negros Occidental , Enrique B. Magalona (Saravia) , Alicante ,1660
 NIR [Negros Island Region] , Negros Occidental , Enrique B. Magalona (Saravia) , Batea ,592
 NIR [Negros Island Region] , Negros Occidental , Enrique B. Magalona (Saravia) , Canlusong ,888
 NIR [Negros Island Region] , Negros Occidental , Enrique B. Magalona (Saravia) , Consing ,2060
 NIR [Negros Island Region] , Negros Occidental , Enrique B. Magalona (Saravia) , Cudangdang ,520
 NIR [Negros Island Region] , Negros Occidental , Enrique B. Magalona (Saravia) , Damgo ,736
 NIR [Negros Island Region] , Negros Occidental , Enrique B. Magalona (Saravia) , Gahit ,868
 NIR [Negros Island Region] , Negros Occidental , Enrique B. Magalona (Saravia) , Latasan ,524
 NIR [Negros Island Region] , Negros Occidental , Enrique B. Magalona (Saravia) , Madalag ,868
 NIR [Negros Island Region] , Negros Occidental , Enrique B. Magalona (Saravia) , Manta-Angan ,1080
 NIR [Negros Island Region] , Negros Occidental , Enrique B. Magalona (Saravia) , Nanca ,1188
 NIR [Negros Island Region] , Negros Occidental , Enrique B. Magalona (Saravia) , Pasil ,992
 NIR [Negros Island Region] , Negros Occidental , Enrique B. Magalona (Saravia) , Poblacion I (Barangay 1) ,272
 NIR [Negros Island Region] , Negros Occidental , Enrique B. Magalona (Saravia) , Poblacion Ii (Barangay 2) ,232
 NIR [Negros Island Region] , Negros Occidental , Enrique B. Magalona (Saravia) , Poblacion Iii (Barangay 3) ,556
 NIR [Negros Island Region] , Negros Occidental , Enrique B. Magalona (Saravia) , San Isidro ,1508
 NIR [Negros Island Region] , Negros Occidental , Enrique B. Magalona (Saravia) , San Jose ,704
 NIR [Negros Island Region] , Negros Occidental , Enrique B. Magalona (Saravia) , Santo Niño ,652
 NIR [Negros Island Region] , Negros Occidental , Enrique B. Magalona (Saravia) , Tabigue ,756
 NIR [Negros Island Region] , Negros Occidental , Enrique B. Magalona (Saravia) , Tanza ,788
 NIR [Negros Island Region] , Negros Occidental , Enrique B. Magalona (Saravia) , Tomongtong ,564
 NIR [Negros Island Region] , Negros Occidental , Enrique B. Magalona (Saravia) , Tuburan ,608
 NIR [Negros Island Region] , Negros Occidental , Hinigaran , Anahaw ,996
 NIR [Negros Island Region] , Negros Occidental , Hinigaran , Aranda ,960
 NIR [Negros Island Region] , Negros Occidental , Hinigaran , Baga-As ,1272
 NIR [Negros Island Region] , Negros Occidental , Hinigaran , Barangay I (Pob.) ,588
 NIR [Negros Island Region] , Negros Occidental , Hinigaran , Barangay Ii (Pob.) ,296
 NIR [Negros Island Region] , Negros Occidental , Hinigaran , Barangay Iii (Pob.) ,264
 NIR [Negros Island Region] , Negros Occidental , Hinigaran , Barangay Iv (Pob.) ,76
 NIR [Negros Island Region] , Negros Occidental , Hinigaran , Bato ,860
 NIR [Negros Island Region] , Negros Occidental , Hinigaran , Calapi ,1184
 NIR [Negros Island Region] , Negros Occidental , Hinigaran , Camalobalo ,956
 NIR [Negros Island Region] , Negros Occidental , Hinigaran , Camba-Og ,384
 NIR [Negros Island Region] , Negros Occidental , Hinigaran , Cambugsa ,332
 NIR [Negros Island Region] , Negros Occidental , Hinigaran , Candumarao ,720
 NIR [Negros Island Region] , Negros Occidental , Hinigaran , Gargato ,1552
 NIR [Negros Island Region] , Negros Occidental , Hinigaran , Himaya ,1564
 NIR [Negros Island Region] , Negros Occidental , Hinigaran , Miranda ,1076
 NIR [Negros Island Region] , Negros Occidental , Hinigaran , Nanunga ,1340
 NIR [Negros Island Region] , Negros Occidental , Hinigaran , Narauis ,556
 NIR [Negros Island Region] , Negros Occidental , Hinigaran , Palayog ,76
 NIR [Negros Island Region] , Negros Occidental , Hinigaran , Paticui ,444
 NIR [Negros Island Region] , Negros Occidental , Hinigaran , Pilar ,1288
 NIR [Negros Island Region] , Negros Occidental , Hinigaran , Quiwi ,348
 NIR [Negros Island Region] , Negros Occidental , Hinigaran , Tagda ,1616
 NIR [Negros Island Region] , Negros Occidental , Hinigaran , Tuguis ,1468
 NIR [Negros Island Region] , Negros Occidental , Hinoba-An (Asia) , Alim ,2504
 NIR [Negros Island Region] , Negros Occidental , Hinoba-An (Asia) , Asia ,4708
 NIR [Negros Island Region] , Negros Occidental , Hinoba-An (Asia) , Bacuyangan ,3776
 NIR [Negros Island Region] , Negros Occidental , Hinoba-An (Asia) , Barangay I (Pob.) ,1376
 NIR [Negros Island Region] , Negros Occidental , Hinoba-An (Asia) , Barangay Ii (Pob.) ,1316
 NIR [Negros Island Region] , Negros Occidental , Hinoba-An (Asia) , Bulwangan ,2092
 NIR [Negros Island Region] , Negros Occidental , Hinoba-An (Asia) , Culipapa ,3292
 NIR [Negros Island Region] , Negros Occidental , Hinoba-An (Asia) , Damutan ,980
 NIR [Negros Island Region] , Negros Occidental , Hinoba-An (Asia) , Daug ,884
 NIR [Negros Island Region] , Negros Occidental , Hinoba-An (Asia) , Po-Ok ,1452
 NIR [Negros Island Region] , Negros Occidental , Hinoba-An (Asia) , San Rafael ,1640
 NIR [Negros Island Region] , Negros Occidental , Hinoba-An (Asia) , Sangke ,1472
 NIR [Negros Island Region] , Negros Occidental , Hinoba-An (Asia) , Talacagay ,3180
 NIR [Negros Island Region] , Negros Occidental , Ilog , Andulauan ,1152
 NIR [Negros Island Region] , Negros Occidental , Ilog , Balicotoc ,1568
 NIR [Negros Island Region] , Negros Occidental , Ilog , Barangay I (Pob.) ,1088
 NIR [Negros Island Region] , Negros Occidental , Ilog , Barangay Ii (Pob.) ,508
 NIR [Negros Island Region] , Negros Occidental , Ilog , Bocana ,644
 NIR [Negros Island Region] , Negros Occidental , Ilog , Calubang ,552
 NIR [Negros Island Region] , Negros Occidental , Ilog , Canlamay ,1532
 NIR [Negros Island Region] , Negros Occidental , Ilog , Consuelo ,232
 NIR [Negros Island Region] , Negros Occidental , Ilog , Dancalan ,2276
 NIR [Negros Island Region] , Negros Occidental , Ilog , Delicioso ,508
 NIR [Negros Island Region] , Negros Occidental , Ilog , Galicia ,1496
 NIR [Negros Island Region] , Negros Occidental , Ilog , Manalad ,788
 NIR [Negros Island Region] , Negros Occidental , Ilog , Pinggot ,1580
 NIR [Negros Island Region] , Negros Occidental , Ilog , Tabu ,2332
 NIR [Negros Island Region] , Negros Occidental , Ilog , Vista Alegre ,548
 NIR [Negros Island Region] , Negros Occidental , Isabela , Amin ,472
 NIR [Negros Island Region] , Negros Occidental , Isabela , Banogbanog ,744
 NIR [Negros Island Region] , Negros Occidental , Isabela , Barangay 1 (Pob.) ,420
 NIR [Negros Island Region] , Negros Occidental , Isabela , Barangay 2 (Pob.) ,120
 NIR [Negros Island Region] , Negros Occidental , Isabela , Barangay 3 (Pob.) ,228
 NIR [Negros Island Region] , Negros Occidental , Isabela , Barangay 4 (Pob.) ,196
 NIR [Negros Island Region] , Negros Occidental , Isabela , Barangay 5 (Pob.) ,1028
 NIR [Negros Island Region] , Negros Occidental , Isabela , Barangay 6 (Pob.) ,116
 NIR [Negros Island Region] , Negros Occidental , Isabela , Barangay 7 (Pob.) ,132
 NIR [Negros Island Region] , Negros Occidental , Isabela , Barangay 8 (Pob.) ,408
 NIR [Negros Island Region] , Negros Occidental , Isabela , Barangay 9 (Pob.) ,860
 NIR [Negros Island Region] , Negros Occidental , Isabela , Bulad ,1116
 NIR [Negros Island Region] , Negros Occidental , Isabela , Bungahin ,704
 NIR [Negros Island Region] , Negros Occidental , Isabela , Cabcab ,924
 NIR [Negros Island Region] , Negros Occidental , Isabela , Camangcamang ,2560
 NIR [Negros Island Region] , Negros Occidental , Isabela , Camp Clark ,524
 NIR [Negros Island Region] , Negros Occidental , Isabela , Cansalongon ,1412
 NIR [Negros Island Region] , Negros Occidental , Isabela , Guintubhan ,1084
 NIR [Negros Island Region] , Negros Occidental , Isabela , Libas ,544
 NIR [Negros Island Region] , Negros Occidental , Isabela , Limalima ,784
 NIR [Negros Island Region] , Negros Occidental , Isabela , Makilignit ,544
 NIR [Negros Island Region] , Negros Occidental , Isabela , Mansablay ,1660
 NIR [Negros Island Region] , Negros Occidental , Isabela , Maytubig ,1004
 NIR [Negros Island Region] , Negros Occidental , Isabela , Panaquiao ,640
 NIR [Negros Island Region] , Negros Occidental , Isabela , Riverside ,1060
 NIR [Negros Island Region] , Negros Occidental , Isabela , Rumirang ,632
 NIR [Negros Island Region] , Negros Occidental , Isabela , San Agustin ,2068
 NIR [Negros Island Region] , Negros Occidental , Isabela , Sebucawan ,1128
 NIR [Negros Island Region] , Negros Occidental , Isabela , Sikatuna ,980
 NIR [Negros Island Region] , Negros Occidental , Isabela , Tinongan ,2328
 NIR [Negros Island Region] , Negros Occidental , La Carlota City , Ara-Al ,1400
 NIR [Negros Island Region] , Negros Occidental , La Carlota City , Ayungon ,1972
 NIR [Negros Island Region] , Negros Occidental , La Carlota City , Balabag ,1268
 NIR [Negros Island Region] , Negros Occidental , La Carlota City , Barangay I (Pob.) ,524
 NIR [Negros Island Region] , Negros Occidental , La Carlota City , Barangay Ii (Pob.) ,1224
 NIR [Negros Island Region] , Negros Occidental , La Carlota City , Barangay Iii (Pob.) ,508
 NIR [Negros Island Region] , Negros Occidental , La Carlota City , Batuan ,1616
 NIR [Negros Island Region] , Negros Occidental , La Carlota City , Cubay ,1232
 NIR [Negros Island Region] , Negros Occidental , La Carlota City , Haguimit ,1696
 NIR [Negros Island Region] , Negros Occidental , La Carlota City , La Granja ,1528
 NIR [Negros Island Region] , Negros Occidental , La Carlota City , Nagasi ,1520
 NIR [Negros Island Region] , Negros Occidental , La Carlota City , Roberto S. Benedicto (Consuelo) ,900
 NIR [Negros Island Region] , Negros Occidental , La Carlota City , San Miguel ,1464
 NIR [Negros Island Region] , Negros Occidental , La Carlota City , Yubo ,1476
 NIR [Negros Island Region] , Negros Occidental , La Castellana , Biaknabato ,1620
 NIR [Negros Island Region] , Negros Occidental , La Castellana , Cabacungan ,2748
 NIR [Negros Island Region] , Negros Occidental , La Castellana , Cabagnaan ,1372
 NIR [Negros Island Region] , Negros Occidental , La Castellana , Camandag ,1896
 NIR [Negros Island Region] , Negros Occidental , La Castellana , Lalagsan ,1044
 NIR [Negros Island Region] , Negros Occidental , La Castellana , Manghanoy ,2128
 NIR [Negros Island Region] , Negros Occidental , La Castellana , Mansalanao ,1152
 NIR [Negros Island Region] , Negros Occidental , La Castellana , Masulog ,1748
 NIR [Negros Island Region] , Negros Occidental , La Castellana , Nato ,1272
 NIR [Negros Island Region] , Negros Occidental , La Castellana , Puso ,1136
 NIR [Negros Island Region] , Negros Occidental , La Castellana , Robles (Pob.) ,3568
 NIR [Negros Island Region] , Negros Occidental , La Castellana , Sag-Ang ,5184
 NIR [Negros Island Region] , Negros Occidental , La Castellana , Talaptap ,636
 NIR [Negros Island Region] , Negros Occidental , Manapla , Barangay I (Pob.) ,548
 NIR [Negros Island Region] , Negros Occidental , Manapla , Barangay I-A (Pob.) ,592
 NIR [Negros Island Region] , Negros Occidental , Manapla , Barangay I-B (Pob.) ,228
 NIR [Negros Island Region] , Negros Occidental , Manapla , Barangay Ii (Pob.) ,260
 NIR [Negros Island Region] , Negros Occidental , Manapla , Barangay Ii-A (Pob.) ,252
 NIR [Negros Island Region] , Negros Occidental , Manapla , Chambery ,876
 NIR [Negros Island Region] , Negros Occidental , Manapla , Punta Mesa ,2632
 NIR [Negros Island Region] , Negros Occidental , Manapla , Punta Salong ,1300
 NIR [Negros Island Region] , Negros Occidental , Manapla , Purisima ,2116
 NIR [Negros Island Region] , Negros Occidental , Manapla , San Pablo ,3152
 NIR [Negros Island Region] , Negros Occidental , Manapla , Santa Teresa ,636
 NIR [Negros Island Region] , Negros Occidental , Manapla , Tortosa ,1680
 NIR [Negros Island Region] , Negros Occidental , Moises Padilla (Magallon) , Barangay 1 (Pob.) ,360
 NIR [Negros Island Region] , Negros Occidental , Moises Padilla (Magallon) , Barangay 2 (Pob.) ,0
 NIR [Negros Island Region] , Negros Occidental , Moises Padilla (Magallon) , Barangay 3 (Pob.) ,80
 NIR [Negros Island Region] , Negros Occidental , Moises Padilla (Magallon) , Barangay 4 (Pob.) ,260
 NIR [Negros Island Region] , Negros Occidental , Moises Padilla (Magallon) , Barangay 5 (Pob.) ,44
 NIR [Negros Island Region] , Negros Occidental , Moises Padilla (Magallon) , Barangay 6 (Pob.) ,64
 NIR [Negros Island Region] , Negros Occidental , Moises Padilla (Magallon) , Barangay 7 (Pob.) ,228
 NIR [Negros Island Region] , Negros Occidental , Moises Padilla (Magallon) , Crossing Magallon ,1396
 NIR [Negros Island Region] , Negros Occidental , Moises Padilla (Magallon) , Guinpana-An ,1420
 NIR [Negros Island Region] , Negros Occidental , Moises Padilla (Magallon) , Inolingan ,2384
 NIR [Negros Island Region] , Negros Occidental , Moises Padilla (Magallon) , Macagahay ,1548
 NIR [Negros Island Region] , Negros Occidental , Moises Padilla (Magallon) , Magallon Cadre ,1656
 NIR [Negros Island Region] , Negros Occidental , Moises Padilla (Magallon) , Montilla ,1628
 NIR [Negros Island Region] , Negros Occidental , Moises Padilla (Magallon) , Odiong ,1956
 NIR [Negros Island Region] , Negros Occidental , Moises Padilla (Magallon) , Quintin Remo ,3948
 NIR [Negros Island Region] , Negros Occidental , Murcia , Abo-Abo ,728
 NIR [Negros Island Region] , Negros Occidental , Murcia , Alegria ,720
 NIR [Negros Island Region] , Negros Occidental , Murcia , Amayco ,908
 NIR [Negros Island Region] , Negros Occidental , Murcia , Blumentritt ,2928
 NIR [Negros Island Region] , Negros Occidental , Murcia , Buenavista ,1008
 NIR [Negros Island Region] , Negros Occidental , Murcia , Caliban ,736
 NIR [Negros Island Region] , Negros Occidental , Murcia , Canlandog ,1612
 NIR [Negros Island Region] , Negros Occidental , Murcia , Cansilayan ,1212
 NIR [Negros Island Region] , Negros Occidental , Murcia , Damsite ,1028
 NIR [Negros Island Region] , Negros Occidental , Murcia , Iglau-An ,480
 NIR [Negros Island Region] , Negros Occidental , Murcia , Lopez Jaena ,1064
 NIR [Negros Island Region] , Negros Occidental , Murcia , Minoyan ,3812
 NIR [Negros Island Region] , Negros Occidental , Murcia , Pandanon ,1044
 NIR [Negros Island Region] , Negros Occidental , Murcia , Salvacion ,1196
 NIR [Negros Island Region] , Negros Occidental , Murcia , San Miguel ,924
 NIR [Negros Island Region] , Negros Occidental , Murcia , Santa Cruz ,1100
 NIR [Negros Island Region] , Negros Occidental , Murcia , Santa Rosa ,1632
 NIR [Negros Island Region] , Negros Occidental , Murcia , Talotog ,500
 NIR [Negros Island Region] , Negros Occidental , Murcia , Zone I (Pob.) ,244
 NIR [Negros Island Region] , Negros Occidental , Murcia , Zone Ii (Pob.) ,40
 NIR [Negros Island Region] , Negros Occidental , Murcia , Zone Iii (Pob.) ,16
 NIR [Negros Island Region] , Negros Occidental , Murcia , Zone Iv (Pob.) ,56
 NIR [Negros Island Region] , Negros Occidental , Murcia , Zone V (Pob.) ,56
 NIR [Negros Island Region] , Negros Occidental , Pontevedra , Antipolo ,2036
 NIR [Negros Island Region] , Negros Occidental , Pontevedra , Barangay I (Pob.) ,272
 NIR [Negros Island Region] , Negros Occidental , Pontevedra , Barangay Ii (Pob.) ,220
 NIR [Negros Island Region] , Negros Occidental , Pontevedra , Barangay Iii (Pob.) ,536
 NIR [Negros Island Region] , Negros Occidental , Pontevedra , Buenavista Gibong ,292
 NIR [Negros Island Region] , Negros Occidental , Pontevedra , Buenavista Rizal ,320
 NIR [Negros Island Region] , Negros Occidental , Pontevedra , Burgos ,280
 NIR [Negros Island Region] , Negros Occidental , Pontevedra , Cambarus ,640
 NIR [Negros Island Region] , Negros Occidental , Pontevedra , Canroma ,820
 NIR [Negros Island Region] , Negros Occidental , Pontevedra , Don Salvador Benedicto (Carmen) ,1680
 NIR [Negros Island Region] , Negros Occidental , Pontevedra , General Malvar ,860
 NIR [Negros Island Region] , Negros Occidental , Pontevedra , Gomez ,244
 NIR [Negros Island Region] , Negros Occidental , Pontevedra , M. H. Del Pilar ,456
 NIR [Negros Island Region] , Negros Occidental , Pontevedra , Mabini ,184
 NIR [Negros Island Region] , Negros Occidental , Pontevedra , Miranda ,1040
 NIR [Negros Island Region] , Negros Occidental , Pontevedra , Pandan ,740
 NIR [Negros Island Region] , Negros Occidental , Pontevedra , Recreo ,388
 NIR [Negros Island Region] , Negros Occidental , Pontevedra , San Isidro ,792
 NIR [Negros Island Region] , Negros Occidental , Pontevedra , San Juan ,1028
 NIR [Negros Island Region] , Negros Occidental , Pontevedra , Zamora ,316
 NIR [Negros Island Region] , Negros Occidental , Pulupandan , Barangay Zone 1 (Pob.) ,344
 NIR [Negros Island Region] , Negros Occidental , Pulupandan , Barangay Zone 1-A (Pob.) ,432
 NIR [Negros Island Region] , Negros Occidental , Pulupandan , Barangay Zone 2 (Pob.) ,368
 NIR [Negros Island Region] , Negros Occidental , Pulupandan , Barangay Zone 3 (Pob.) ,172
 NIR [Negros Island Region] , Negros Occidental , Pulupandan , Barangay Zone 4 (Pob.) ,316
 NIR [Negros Island Region] , Negros Occidental , Pulupandan , Barangay Zone 4-A (Pob.) ,312
 NIR [Negros Island Region] , Negros Occidental , Pulupandan , Barangay Zone 5 (Pob.) ,216
 NIR [Negros Island Region] , Negros Occidental , Pulupandan , Barangay Zone 6 (Pob.) ,448
 NIR [Negros Island Region] , Negros Occidental , Pulupandan , Barangay Zone 7 (Pob.) ,136
 NIR [Negros Island Region] , Negros Occidental , Pulupandan , Canjusa ,400
 NIR [Negros Island Region] , Negros Occidental , Pulupandan , Crossing Pulupandan ,320
 NIR [Negros Island Region] , Negros Occidental , Pulupandan , Culo ,168
 NIR [Negros Island Region] , Negros Occidental , Pulupandan , Mabini ,192
 NIR [Negros Island Region] , Negros Occidental , Pulupandan , Pag-Ayon ,280
 NIR [Negros Island Region] , Negros Occidental , Pulupandan , Palaka Norte ,244
 NIR [Negros Island Region] , Negros Occidental , Pulupandan , Palaka Sur ,108
 NIR [Negros Island Region] , Negros Occidental , Pulupandan , Patic ,616
 NIR [Negros Island Region] , Negros Occidental , Pulupandan , Tapong ,412
 NIR [Negros Island Region] , Negros Occidental , Pulupandan , Ubay ,588
 NIR [Negros Island Region] , Negros Occidental , Pulupandan , Utod ,64
 NIR [Negros Island Region] , Negros Occidental , Sagay City , Andres Bonifacio ,1628
 NIR [Negros Island Region] , Negros Occidental , Sagay City , Bato ,1520
 NIR [Negros Island Region] , Negros Occidental , Sagay City , Baviera ,1436
 NIR [Negros Island Region] , Negros Occidental , Sagay City , Bulanon ,3292
 NIR [Negros Island Region] , Negros Occidental , Sagay City , Campo Himoga-An ,1284
 NIR [Negros Island Region] , Negros Occidental , Sagay City , Campo Santiago ,1372
 NIR [Negros Island Region] , Negros Occidental , Sagay City , Colonia Divina ,1612
 NIR [Negros Island Region] , Negros Occidental , Sagay City , Fabrica ,988
 NIR [Negros Island Region] , Negros Occidental , Sagay City , General Luna ,1848
 NIR [Negros Island Region] , Negros Occidental , Sagay City , Himoga-An Baybay ,2892
 NIR [Negros Island Region] , Negros Occidental , Sagay City , Lopez Jaena ,2788
 NIR [Negros Island Region] , Negros Occidental , Sagay City , Makiling ,1880
 NIR [Negros Island Region] , Negros Occidental , Sagay City , Malubon ,2252
 NIR [Negros Island Region] , Negros Occidental , Sagay City , Molocaboc ,2276
 NIR [Negros Island Region] , Negros Occidental , Sagay City , Old Sagay ,4624
 NIR [Negros Island Region] , Negros Occidental , Sagay City , Paraiso ,4348
 NIR [Negros Island Region] , Negros Occidental , Sagay City , Plaridel ,1232
 NIR [Negros Island Region] , Negros Occidental , Sagay City , Poblacion I (Barangay 1) ,2304
 NIR [Negros Island Region] , Negros Occidental , Sagay City , Poblacion Ii (Barangay 2) ,2956
 NIR [Negros Island Region] , Negros Occidental , Sagay City , Puey ,1824
 NIR [Negros Island Region] , Negros Occidental , Sagay City , Rafaela Barrera ,1672
 NIR [Negros Island Region] , Negros Occidental , Sagay City , Rizal ,2144
 NIR [Negros Island Region] , Negros Occidental , Sagay City , Taba-Ao ,2660
 NIR [Negros Island Region] , Negros Occidental , Sagay City , Tadlong ,1464
 NIR [Negros Island Region] , Negros Occidental , Sagay City , Vito ,2248
 NIR [Negros Island Region] , Negros Occidental , Salvador Benedicto , Bago (Lalung) ,1760
 NIR [Negros Island Region] , Negros Occidental , Salvador Benedicto , Bagong Silang (Marcelo) ,1372
 NIR [Negros Island Region] , Negros Occidental , Salvador Benedicto , Bunga ,2964
 NIR [Negros Island Region] , Negros Occidental , Salvador Benedicto , Igmaya-An ,2612
 NIR [Negros Island Region] , Negros Occidental , Salvador Benedicto , Kumaliskis ,1512
 NIR [Negros Island Region] , Negros Occidental , Salvador Benedicto , Pandanon ,1260
 NIR [Negros Island Region] , Negros Occidental , Salvador Benedicto , Pinowayan (Prosperidad) ,1184
 NIR [Negros Island Region] , Negros Occidental , San Carlos City , Bagonbon ,2416
 NIR [Negros Island Region] , Negros Occidental , San Carlos City , Barangay I (Pob.) ,1212
 NIR [Negros Island Region] , Negros Occidental , San Carlos City , Barangay Ii (Pob.) ,176
 NIR [Negros Island Region] , Negros Occidental , San Carlos City , Barangay Iii (Pob.) ,332
 NIR [Negros Island Region] , Negros Occidental , San Carlos City , Barangay Iv (Pob.) ,52
 NIR [Negros Island Region] , Negros Occidental , San Carlos City , Barangay V (Pob.) ,840
 NIR [Negros Island Region] , Negros Occidental , San Carlos City , Barangay Vi (Pob.) ,716
 NIR [Negros Island Region] , Negros Occidental , San Carlos City , Buluangan ,3852
 NIR [Negros Island Region] , Negros Occidental , San Carlos City , Codcod ,5572
 NIR [Negros Island Region] , Negros Occidental , San Carlos City , Ermita ,784
 NIR [Negros Island Region] , Negros Occidental , San Carlos City , Guadalupe ,3788
 NIR [Negros Island Region] , Negros Occidental , San Carlos City , Nataban ,1960
 NIR [Negros Island Region] , Negros Occidental , San Carlos City , Palampas ,2284
 NIR [Negros Island Region] , Negros Occidental , San Carlos City , Prosperidad ,2220
 NIR [Negros Island Region] , Negros Occidental , San Carlos City , Punao ,1588
 NIR [Negros Island Region] , Negros Occidental , San Carlos City , Quezon ,4040
 NIR [Negros Island Region] , Negros Occidental , San Carlos City , Rizal ,3800
 NIR [Negros Island Region] , Negros Occidental , San Carlos City , San Juan ,740
 NIR [Negros Island Region] , Negros Occidental , San Enrique , Bagonawa ,428
 NIR [Negros Island Region] , Negros Occidental , San Enrique , Baliwagan ,920
 NIR [Negros Island Region] , Negros Occidental , San Enrique , Batuan ,540
 NIR [Negros Island Region] , Negros Occidental , San Enrique , Guintorilan ,500
 NIR [Negros Island Region] , Negros Occidental , San Enrique , Nayon ,368
 NIR [Negros Island Region] , Negros Occidental , San Enrique , Poblacion ,1324
 NIR [Negros Island Region] , Negros Occidental , San Enrique , Sibucao ,568
 NIR [Negros Island Region] , Negros Occidental , San Enrique , Tabao Baybay ,484
 NIR [Negros Island Region] , Negros Occidental , San Enrique , Tabao Rizal ,724
 NIR [Negros Island Region] , Negros Occidental , San Enrique , Tibsoc ,260
 NIR [Negros Island Region] , Negros Occidental , Silay City , Bagtic ,2176
 NIR [Negros Island Region] , Negros Occidental , Silay City , Balaring ,1096
 NIR [Negros Island Region] , Negros Occidental , Silay City , Barangay I (Pob.) ,104
 NIR [Negros Island Region] , Negros Occidental , Silay City , Barangay Ii (Pob.) ,280
 NIR [Negros Island Region] , Negros Occidental , Silay City , Barangay Iii (Pob.) ,112
 NIR [Negros Island Region] , Negros Occidental , Silay City , Barangay Iv (Pob.) ,148
 NIR [Negros Island Region] , Negros Occidental , Silay City , Barangay V (Pob.) ,364
 NIR [Negros Island Region] , Negros Occidental , Silay City , Barangay Vi Pob. (Hawaiian) ,844
 NIR [Negros Island Region] , Negros Occidental , Silay City , Eustaquio Lopez ,3784
 NIR [Negros Island Region] , Negros Occidental , Silay City , Guimbala-On ,3328
 NIR [Negros Island Region] , Negros Occidental , Silay City , Guinhalaran ,1428
 NIR [Negros Island Region] , Negros Occidental , Silay City , Kapitan Ramon ,2388
 NIR [Negros Island Region] , Negros Occidental , Silay City , Lantad ,1804
 NIR [Negros Island Region] , Negros Occidental , Silay City , Mambulac ,2204
 NIR [Negros Island Region] , Negros Occidental , Silay City , Patag ,1200
 NIR [Negros Island Region] , Negros Occidental , Silay City , Rizal ,1780
 NIR [Negros Island Region] , Negros Occidental , Toboso , Bandila ,1812
 NIR [Negros Island Region] , Negros Occidental , Toboso , Bug-Ang ,2260
 NIR [Negros Island Region] , Negros Occidental , Toboso , General Luna ,1764
 NIR [Negros Island Region] , Negros Occidental , Toboso , Magticol ,1348
 NIR [Negros Island Region] , Negros Occidental , Toboso , Poblacion ,1932
 NIR [Negros Island Region] , Negros Occidental , Toboso , Salamanca ,2304
 NIR [Negros Island Region] , Negros Occidental , Toboso , San Isidro ,2500
 NIR [Negros Island Region] , Negros Occidental , Toboso , San Jose ,1176
 NIR [Negros Island Region] , Negros Occidental , Toboso , Tabun-Ac ,1632
 NIR [Negros Island Region] , Negros Occidental , Valladolid , Alijis ,632
 NIR [Negros Island Region] , Negros Occidental , Valladolid , Ayungon ,412
 NIR [Negros Island Region] , Negros Occidental , Valladolid , Bagumbayan ,980
 NIR [Negros Island Region] , Negros Occidental , Valladolid , Batuan ,448
 NIR [Negros Island Region] , Negros Occidental , Valladolid , Bayabas ,404
 NIR [Negros Island Region] , Negros Occidental , Valladolid , Central Tabao ,576
 NIR [Negros Island Region] , Negros Occidental , Valladolid , Doldol ,216
 NIR [Negros Island Region] , Negros Occidental , Valladolid , Guintorilan ,344
 NIR [Negros Island Region] , Negros Occidental , Valladolid , Lacaron ,620
 NIR [Negros Island Region] , Negros Occidental , Valladolid , Mabini ,1196
 NIR [Negros Island Region] , Negros Occidental , Valladolid , Pacol ,624
 NIR [Negros Island Region] , Negros Occidental , Valladolid , Palaka ,732
 NIR [Negros Island Region] , Negros Occidental , Valladolid , Paloma ,516
 NIR [Negros Island Region] , Negros Occidental , Valladolid , Poblacion ,432
 NIR [Negros Island Region] , Negros Occidental , Valladolid , Sagua Banua ,576
 NIR [Negros Island Region] , Negros Occidental , Valladolid , Tabao Proper ,920
 NIR [Negros Island Region] , Negros Oriental , Amlan (Ayuquitan) , Bio-Os ,1308
 NIR [Negros Island Region] , Negros Oriental , Amlan (Ayuquitan) , Jantianon ,1184
 NIR [Negros Island Region] , Negros Oriental , Amlan (Ayuquitan) , Jugno ,1120
 NIR [Negros Island Region] , Negros Oriental , Amlan (Ayuquitan) , Mag-Abo ,388
 NIR [Negros Island Region] , Negros Oriental , Amlan (Ayuquitan) , Poblacion ,240
 NIR [Negros Island Region] , Negros Oriental , Amlan (Ayuquitan) , Silab ,1348
 NIR [Negros Island Region] , Negros Oriental , Amlan (Ayuquitan) , Tambojangin ,648
 NIR [Negros Island Region] , Negros Oriental , Amlan (Ayuquitan) , Tandayag ,652
 NIR [Negros Island Region] , Negros Oriental , Ayungon , Amdus ,836
 NIR [Negros Island Region] , Negros Oriental , Ayungon , Anibong ,1344
 NIR [Negros Island Region] , Negros Oriental , Ayungon , Atabay ,900
 NIR [Negros Island Region] , Negros Oriental , Ayungon , Awa-An ,1220
 NIR [Negros Island Region] , Negros Oriental , Ayungon , Ban-Ban ,1592
 NIR [Negros Island Region] , Negros Oriental , Ayungon , Calagcalag ,816
 NIR [Negros Island Region] , Negros Oriental , Ayungon , Candana-Ay ,864
 NIR [Negros Island Region] , Negros Oriental , Ayungon , Carol-An ,1976
 NIR [Negros Island Region] , Negros Oriental , Ayungon , Gomentoc ,1348
 NIR [Negros Island Region] , Negros Oriental , Ayungon , Inacban ,984
 NIR [Negros Island Region] , Negros Oriental , Ayungon , Iniban ,796
 NIR [Negros Island Region] , Negros Oriental , Ayungon , Jandalamanon ,836
 NIR [Negros Island Region] , Negros Oriental , Ayungon , Kilaban ,544
 NIR [Negros Island Region] , Negros Oriental , Ayungon , Lamigan ,676
 NIR [Negros Island Region] , Negros Oriental , Ayungon , Maaslum ,1248
 NIR [Negros Island Region] , Negros Oriental , Ayungon , Mabato ,2316
 NIR [Negros Island Region] , Negros Oriental , Ayungon , Manogtong ,984
 NIR [Negros Island Region] , Negros Oriental , Ayungon , Nabhang ,1036
 NIR [Negros Island Region] , Negros Oriental , Ayungon , Poblacion ,532
 NIR [Negros Island Region] , Negros Oriental , Ayungon , Tambo ,1960
 NIR [Negros Island Region] , Negros Oriental , Ayungon , Tampocon I ,1032
 NIR [Negros Island Region] , Negros Oriental , Ayungon , Tampocon Ii ,580
 NIR [Negros Island Region] , Negros Oriental , Ayungon , Tibyawan ,1220
 NIR [Negros Island Region] , Negros Oriental , Ayungon , Tiguib ,1360
 NIR [Negros Island Region] , Negros Oriental , Bacong , Balayagmanok ,332
 NIR [Negros Island Region] , Negros Oriental , Bacong , Banilad ,1120
 NIR [Negros Island Region] , Negros Oriental , Bacong , Buntis ,692
 NIR [Negros Island Region] , Negros Oriental , Bacong , Buntod ,408
 NIR [Negros Island Region] , Negros Oriental , Bacong , Calangag ,228
 NIR [Negros Island Region] , Negros Oriental , Bacong , Combado ,560
 NIR [Negros Island Region] , Negros Oriental , Bacong , Doldol ,316
 NIR [Negros Island Region] , Negros Oriental , Bacong , Isugan ,432
 NIR [Negros Island Region] , Negros Oriental , Bacong , Liptong ,228
 NIR [Negros Island Region] , Negros Oriental , Bacong , Lutao ,244
 NIR [Negros Island Region] , Negros Oriental , Bacong , Magsuhot ,108
 NIR [Negros Island Region] , Negros Oriental , Bacong , Malabago ,124
 NIR [Negros Island Region] , Negros Oriental , Bacong , Mampas ,104
 NIR [Negros Island Region] , Negros Oriental , Bacong , North Poblacion ,88
 NIR [Negros Island Region] , Negros Oriental , Bacong , Sacsac ,988
 NIR [Negros Island Region] , Negros Oriental , Bacong , San Miguel ,1144
 NIR [Negros Island Region] , Negros Oriental , Bacong , South Poblacion ,132
 NIR [Negros Island Region] , Negros Oriental , Bacong , Sulodpan ,508
 NIR [Negros Island Region] , Negros Oriental , Bacong , Timbanga ,456
 NIR [Negros Island Region] , Negros Oriental , Bacong , Timbao ,396
 NIR [Negros Island Region] , Negros Oriental , Bacong , Tubod ,320
 NIR [Negros Island Region] , Negros Oriental , Bacong , West Poblacion ,40
 NIR [Negros Island Region] , Negros Oriental , Bais City , Barangay I (Pob.) ,456
 NIR [Negros Island Region] , Negros Oriental , Bais City , Barangay Ii (Pob.) ,1432
 NIR [Negros Island Region] , Negros Oriental , Bais City , Basak ,852
 NIR [Negros Island Region] , Negros Oriental , Bais City , Biñohon ,544
 NIR [Negros Island Region] , Negros Oriental , Bais City , Cabanlutan ,1076
 NIR [Negros Island Region] , Negros Oriental , Bais City , Calasga-An ,904
 NIR [Negros Island Region] , Negros Oriental , Bais City , Cambagahan ,3936
 NIR [Negros Island Region] , Negros Oriental , Bais City , Cambaguio ,700
 NIR [Negros Island Region] , Negros Oriental , Bais City , Cambanjao ,688
 NIR [Negros Island Region] , Negros Oriental , Bais City , Cambuilao ,700
 NIR [Negros Island Region] , Negros Oriental , Bais City , Canlargo ,704
 NIR [Negros Island Region] , Negros Oriental , Bais City , Capiñahan ,652
 NIR [Negros Island Region] , Negros Oriental , Bais City , Consolacion ,112
 NIR [Negros Island Region] , Negros Oriental , Bais City , Dansulan ,696
 NIR [Negros Island Region] , Negros Oriental , Bais City , Hangyad ,20
 NIR [Negros Island Region] , Negros Oriental , Bais City , Katacgahan (Tacgahan) ,420
 NIR [Negros Island Region] , Negros Oriental , Bais City , La Paz ,232
 NIR [Negros Island Region] , Negros Oriental , Bais City , Lonoy ,1964
 NIR [Negros Island Region] , Negros Oriental , Bais City , Lo-Oc ,536
 NIR [Negros Island Region] , Negros Oriental , Bais City , Mabunao ,1036
 NIR [Negros Island Region] , Negros Oriental , Bais City , Manlipac ,1780
 NIR [Negros Island Region] , Negros Oriental , Bais City , Mansangaban ,936
 NIR [Negros Island Region] , Negros Oriental , Bais City , Okiot ,1264
 NIR [Negros Island Region] , Negros Oriental , Bais City , Olympia ,256
 NIR [Negros Island Region] , Negros Oriental , Bais City , Panala-An ,1936
 NIR [Negros Island Region] , Negros Oriental , Bais City , Panam-Angan ,676
 NIR [Negros Island Region] , Negros Oriental , Bais City , Rosario ,68
 NIR [Negros Island Region] , Negros Oriental , Bais City , Sab-Ahan ,3616
 NIR [Negros Island Region] , Negros Oriental , Bais City , San Isidro ,120
 NIR [Negros Island Region] , Negros Oriental , Bais City , Tagpo ,1196
 NIR [Negros Island Region] , Negros Oriental , Bais City , Talungon ,488
 NIR [Negros Island Region] , Negros Oriental , Bais City , Tamisu ,1308
 NIR [Negros Island Region] , Negros Oriental , Bais City , Tamogong ,148
 NIR [Negros Island Region] , Negros Oriental , Bais City , Tangculogan ,488
 NIR [Negros Island Region] , Negros Oriental , Bais City , Valencia ,412
 NIR [Negros Island Region] , Negros Oriental , Basay , Actin ,1456
 NIR [Negros Island Region] , Negros Oriental , Basay , Bal-Os ,2040
 NIR [Negros Island Region] , Negros Oriental , Basay , Bongalonan ,2396
 NIR [Negros Island Region] , Negros Oriental , Basay , Cabalayongan ,616
 NIR [Negros Island Region] , Negros Oriental , Basay , Cabatuanan ,560
 NIR [Negros Island Region] , Negros Oriental , Basay , Linantayan ,936
 NIR [Negros Island Region] , Negros Oriental , Basay , Maglinao ,1664
 NIR [Negros Island Region] , Negros Oriental , Basay , Nagbo-Alao ,2724
 NIR [Negros Island Region] , Negros Oriental , Basay , Olandao ,812
 NIR [Negros Island Region] , Negros Oriental , Basay , Poblacion ,2576
 NIR [Negros Island Region] , Negros Oriental , Bindoy (Payabon) , Atotes ,1620
 NIR [Negros Island Region] , Negros Oriental , Bindoy (Payabon) , Batangan ,408
 NIR [Negros Island Region] , Negros Oriental , Bindoy (Payabon) , Bulod ,1260
 NIR [Negros Island Region] , Negros Oriental , Bindoy (Payabon) , Cabcaban ,2128
 NIR [Negros Island Region] , Negros Oriental , Bindoy (Payabon) , Cabugan ,788
 NIR [Negros Island Region] , Negros Oriental , Bindoy (Payabon) , Camudlas ,600
 NIR [Negros Island Region] , Negros Oriental , Bindoy (Payabon) , Canluto ,772
 NIR [Negros Island Region] , Negros Oriental , Bindoy (Payabon) , Danao ,816
 NIR [Negros Island Region] , Negros Oriental , Bindoy (Payabon) , Danawan ,812
 NIR [Negros Island Region] , Negros Oriental , Bindoy (Payabon) , Domolog ,832
 NIR [Negros Island Region] , Negros Oriental , Bindoy (Payabon) , Malaga ,792
 NIR [Negros Island Region] , Negros Oriental , Bindoy (Payabon) , Manseje ,668
 NIR [Negros Island Region] , Negros Oriental , Bindoy (Payabon) , Matobato ,1444
 NIR [Negros Island Region] , Negros Oriental , Bindoy (Payabon) , Nagcasunog ,316
 NIR [Negros Island Region] , Negros Oriental , Bindoy (Payabon) , Nalundan ,5284
 NIR [Negros Island Region] , Negros Oriental , Bindoy (Payabon) , Pangalaycayan ,604
 NIR [Negros Island Region] , Negros Oriental , Bindoy (Payabon) , Peñahan ,392
 NIR [Negros Island Region] , Negros Oriental , Bindoy (Payabon) , Poblacion (Payabon) ,816
 NIR [Negros Island Region] , Negros Oriental , Bindoy (Payabon) , Salong ,468
 NIR [Negros Island Region] , Negros Oriental , Bindoy (Payabon) , Tagaytay ,968
 NIR [Negros Island Region] , Negros Oriental , Bindoy (Payabon) , Tinaogan ,1080
 NIR [Negros Island Region] , Negros Oriental , Bindoy (Payabon) , Tubod ,476
 NIR [Negros Island Region] , Negros Oriental , Canlaon City , Bayog ,1028
 NIR [Negros Island Region] , Negros Oriental , Canlaon City , Binalbagan ,1080
 NIR [Negros Island Region] , Negros Oriental , Canlaon City , Bucalan (East Budsalan) ,1952
 NIR [Negros Island Region] , Negros Oriental , Canlaon City , Budlasan (West Budlasan) ,2104
 NIR [Negros Island Region] , Negros Oriental , Canlaon City , Linothangan ,1440
 NIR [Negros Island Region] , Negros Oriental , Canlaon City , Lumapao ,956
 NIR [Negros Island Region] , Negros Oriental , Canlaon City , Mabigo (Pob.) ,2784
 NIR [Negros Island Region] , Negros Oriental , Canlaon City , Malaiba ,1412
 NIR [Negros Island Region] , Negros Oriental , Canlaon City , Masulog ,2512
 NIR [Negros Island Region] , Negros Oriental , Canlaon City , Ninoy Aquino ,780
 NIR [Negros Island Region] , Negros Oriental , Canlaon City , Panubigan ,2160
 NIR [Negros Island Region] , Negros Oriental , Canlaon City , Pula ,1736
 NIR [Negros Island Region] , Negros Oriental , City Of Bayawan (Tulong) , Ali-Is ,1840
 NIR [Negros Island Region] , Negros Oriental , City Of Bayawan (Tulong) , Banaybanay ,2396
 NIR [Negros Island Region] , Negros Oriental , City Of Bayawan (Tulong) , Banga ,2004
 NIR [Negros Island Region] , Negros Oriental , City Of Bayawan (Tulong) , Boyco ,396
 NIR [Negros Island Region] , Negros Oriental , City Of Bayawan (Tulong) , Bugay ,2836
 NIR [Negros Island Region] , Negros Oriental , City Of Bayawan (Tulong) , Cansumalig ,1348
 NIR [Negros Island Region] , Negros Oriental , City Of Bayawan (Tulong) , Dawis ,3868
 NIR [Negros Island Region] , Negros Oriental , City Of Bayawan (Tulong) , Kalamtukan ,2040
 NIR [Negros Island Region] , Negros Oriental , City Of Bayawan (Tulong) , Kalumboyan ,3328
 NIR [Negros Island Region] , Negros Oriental , City Of Bayawan (Tulong) , Malabugas ,1540
 NIR [Negros Island Region] , Negros Oriental , City Of Bayawan (Tulong) , Mandu-Ao ,2872
 NIR [Negros Island Region] , Negros Oriental , City Of Bayawan (Tulong) , Maninihon ,3272
 NIR [Negros Island Region] , Negros Oriental , City Of Bayawan (Tulong) , Minaba ,1484
 NIR [Negros Island Region] , Negros Oriental , City Of Bayawan (Tulong) , Nangka ,5888
 NIR [Negros Island Region] , Negros Oriental , City Of Bayawan (Tulong) , Narra ,3292
 NIR [Negros Island Region] , Negros Oriental , City Of Bayawan (Tulong) , Pagatban ,920
 NIR [Negros Island Region] , Negros Oriental , City Of Bayawan (Tulong) , Poblacion ,1060
 NIR [Negros Island Region] , Negros Oriental , City Of Bayawan (Tulong) , San Isidro ,832
 NIR [Negros Island Region] , Negros Oriental , City Of Bayawan (Tulong) , San Jose ,1352
 NIR [Negros Island Region] , Negros Oriental , City Of Bayawan (Tulong) , San Miguel ,756
 NIR [Negros Island Region] , Negros Oriental , City Of Bayawan (Tulong) , San Roque ,796
 NIR [Negros Island Region] , Negros Oriental , City Of Bayawan (Tulong) , Suba (Pob.) ,848
 NIR [Negros Island Region] , Negros Oriental , City Of Bayawan (Tulong) , Tabuan ,2720
 NIR [Negros Island Region] , Negros Oriental , City Of Bayawan (Tulong) , Tayawan ,3268
 NIR [Negros Island Region] , Negros Oriental , City Of Bayawan (Tulong) , Tinago (Pob.) ,464
 NIR [Negros Island Region] , Negros Oriental , City Of Bayawan (Tulong) , Ubos (Pob.) ,380
 NIR [Negros Island Region] , Negros Oriental , City Of Bayawan (Tulong) , Villareal ,1892
 NIR [Negros Island Region] , Negros Oriental , City Of Bayawan (Tulong) , Villasol (Bato) ,2164
 NIR [Negros Island Region] , Negros Oriental , City Of Guihulngan , Bakid ,812
 NIR [Negros Island Region] , Negros Oriental , City Of Guihulngan , Balogo ,1652
 NIR [Negros Island Region] , Negros Oriental , City Of Guihulngan , Banwaque ,940
 NIR [Negros Island Region] , Negros Oriental , City Of Guihulngan , Basak ,2256
 NIR [Negros Island Region] , Negros Oriental , City Of Guihulngan , Binobohan ,964
 NIR [Negros Island Region] , Negros Oriental , City Of Guihulngan , Buenavista ,2612
 NIR [Negros Island Region] , Negros Oriental , City Of Guihulngan , Bulado ,1704
 NIR [Negros Island Region] , Negros Oriental , City Of Guihulngan , Calamba ,1324
 NIR [Negros Island Region] , Negros Oriental , City Of Guihulngan , Calupa-An ,776
 NIR [Negros Island Region] , Negros Oriental , City Of Guihulngan , Hibaiyo ,2844
 NIR [Negros Island Region] , Negros Oriental , City Of Guihulngan , Hilaitan ,2820
 NIR [Negros Island Region] , Negros Oriental , City Of Guihulngan , Hinakpan ,1300
 NIR [Negros Island Region] , Negros Oriental , City Of Guihulngan , Humayhumay ,780
 NIR [Negros Island Region] , Negros Oriental , City Of Guihulngan , Imelda ,896
 NIR [Negros Island Region] , Negros Oriental , City Of Guihulngan , Kagawasan ,972
 NIR [Negros Island Region] , Negros Oriental , City Of Guihulngan , Linantuyan ,1532
 NIR [Negros Island Region] , Negros Oriental , City Of Guihulngan , Luz ,996
 NIR [Negros Island Region] , Negros Oriental , City Of Guihulngan , Mabunga ,1112
 NIR [Negros Island Region] , Negros Oriental , City Of Guihulngan , Magsaysay ,1152
 NIR [Negros Island Region] , Negros Oriental , City Of Guihulngan , Malusay ,1140
 NIR [Negros Island Region] , Negros Oriental , City Of Guihulngan , Maniak ,952
 NIR [Negros Island Region] , Negros Oriental , City Of Guihulngan , Mckinley ,1292
 NIR [Negros Island Region] , Negros Oriental , City Of Guihulngan , Nagsaha ,804
 NIR [Negros Island Region] , Negros Oriental , City Of Guihulngan , Padre Zamora ,1204
 NIR [Negros Island Region] , Negros Oriental , City Of Guihulngan , Plagatasanon ,552
 NIR [Negros Island Region] , Negros Oriental , City Of Guihulngan , Planas ,1024
 NIR [Negros Island Region] , Negros Oriental , City Of Guihulngan , Poblacion ,3832
 NIR [Negros Island Region] , Negros Oriental , City Of Guihulngan , Sandayao ,2116
 NIR [Negros Island Region] , Negros Oriental , City Of Guihulngan , Tacpao ,988
 NIR [Negros Island Region] , Negros Oriental , City Of Guihulngan , Tinayunan Beach ,1444
 NIR [Negros Island Region] , Negros Oriental , City Of Guihulngan , Tinayunan Hill ,1440
 NIR [Negros Island Region] , Negros Oriental , City Of Guihulngan , Trinidad ,2700
 NIR [Negros Island Region] , Negros Oriental , City Of Guihulngan , Villegas ,1132
 NIR [Negros Island Region] , Negros Oriental , City Of Tanjay , Azagra ,1748
 NIR [Negros Island Region] , Negros Oriental , City Of Tanjay , Bahi-An ,1300
 NIR [Negros Island Region] , Negros Oriental , City Of Tanjay , Luca ,760
 NIR [Negros Island Region] , Negros Oriental , City Of Tanjay , Manipis ,624
 NIR [Negros Island Region] , Negros Oriental , City Of Tanjay , Novallas ,2520
 NIR [Negros Island Region] , Negros Oriental , City Of Tanjay , Obogon ,624
 NIR [Negros Island Region] , Negros Oriental , City Of Tanjay , Pal-Ew ,2456
 NIR [Negros Island Region] , Negros Oriental , City Of Tanjay , Poblacion I (Barangay 1) ,156
 NIR [Negros Island Region] , Negros Oriental , City Of Tanjay , Poblacion Ii (Barangay 2) ,344
 NIR [Negros Island Region] , Negros Oriental , City Of Tanjay , Poblacion Iii (Barangay 3) ,212
 NIR [Negros Island Region] , Negros Oriental , City Of Tanjay , Poblacion Iv (Barangay 4) ,708
 NIR [Negros Island Region] , Negros Oriental , City Of Tanjay , Poblacion Ix (Barangay 9) ,72
 NIR [Negros Island Region] , Negros Oriental , City Of Tanjay , Poblacion V (Barangay 5) ,56
 NIR [Negros Island Region] , Negros Oriental , City Of Tanjay , Poblacion Vi (Barangay 6) ,188
 NIR [Negros Island Region] , Negros Oriental , City Of Tanjay , Poblacion Vii (Barangay 7) ,152
 NIR [Negros Island Region] , Negros Oriental , City Of Tanjay , Poblacion Viii (Barangay 8) ,128
 NIR [Negros Island Region] , Negros Oriental , City Of Tanjay , Polo ,1396
 NIR [Negros Island Region] , Negros Oriental , City Of Tanjay , San Isidro ,872
 NIR [Negros Island Region] , Negros Oriental , City Of Tanjay , San Jose ,1016
 NIR [Negros Island Region] , Negros Oriental , City Of Tanjay , San Miguel ,1196
 NIR [Negros Island Region] , Negros Oriental , City Of Tanjay , Santa Cruz Nuevo ,1780
 NIR [Negros Island Region] , Negros Oriental , City Of Tanjay , Santa Cruz Viejo ,1428
 NIR [Negros Island Region] , Negros Oriental , City Of Tanjay , Santo Niño ,3104
 NIR [Negros Island Region] , Negros Oriental , City Of Tanjay , Tugas ,764
 NIR [Negros Island Region] , Negros Oriental , Dauin , Anahawan ,168
 NIR [Negros Island Region] , Negros Oriental , Dauin , Apo Island ,332
 NIR [Negros Island Region] , Negros Oriental , Dauin , Bagacay ,396
 NIR [Negros Island Region] , Negros Oriental , Dauin , Baslay ,308
 NIR [Negros Island Region] , Negros Oriental , Dauin , Batuhon Dacu ,184
 NIR [Negros Island Region] , Negros Oriental , Dauin , Boloc-Boloc ,196
 NIR [Negros Island Region] , Negros Oriental , Dauin , Bulak ,300
 NIR [Negros Island Region] , Negros Oriental , Dauin , Bunga ,252
 NIR [Negros Island Region] , Negros Oriental , Dauin , Casile ,208
 NIR [Negros Island Region] , Negros Oriental , Dauin , Libjo ,160
 NIR [Negros Island Region] , Negros Oriental , Dauin , Lipayo ,336
 NIR [Negros Island Region] , Negros Oriental , Dauin , Maayongtubig ,828
 NIR [Negros Island Region] , Negros Oriental , Dauin , Mag-Aso ,252
 NIR [Negros Island Region] , Negros Oriental , Dauin , Magsaysay ,460
 NIR [Negros Island Region] , Negros Oriental , Dauin , Malongcay Dacu ,644
 NIR [Negros Island Region] , Negros Oriental , Dauin , Masaplod Norte ,284
 NIR [Negros Island Region] , Negros Oriental , Dauin , Masaplod Sur ,288
 NIR [Negros Island Region] , Negros Oriental , Dauin , Panubtuban ,304
 NIR [Negros Island Region] , Negros Oriental , Dauin , Poblacion I ,228
 NIR [Negros Island Region] , Negros Oriental , Dauin , Poblacion Ii ,116
 NIR [Negros Island Region] , Negros Oriental , Dauin , Poblacion Iii ,68
 NIR [Negros Island Region] , Negros Oriental , Dauin , Tugawe ,384
 NIR [Negros Island Region] , Negros Oriental , Dauin , Tunga-Tunga ,304
 NIR [Negros Island Region] , Negros Oriental , Dumaguete City (Capital) , Bagacay ,1176
 NIR [Negros Island Region] , Negros Oriental , Dumaguete City (Capital) , Bajumpandan ,568
 NIR [Negros Island Region] , Negros Oriental , Dumaguete City (Capital) , Balugo ,312
 NIR [Negros Island Region] , Negros Oriental , Dumaguete City (Capital) , Banilad ,760
 NIR [Negros Island Region] , Negros Oriental , Dumaguete City (Capital) , Bantayan ,188
 NIR [Negros Island Region] , Negros Oriental , Dumaguete City (Capital) , Batinguel ,824
 NIR [Negros Island Region] , Negros Oriental , Dumaguete City (Capital) , Bunao ,108
 NIR [Negros Island Region] , Negros Oriental , Dumaguete City (Capital) , Cadawinonan ,1136
 NIR [Negros Island Region] , Negros Oriental , Dumaguete City (Capital) , Calindagan ,1060
 NIR [Negros Island Region] , Negros Oriental , Dumaguete City (Capital) , Camanjac ,664
 NIR [Negros Island Region] , Negros Oriental , Dumaguete City (Capital) , Candau-Ay ,1072
 NIR [Negros Island Region] , Negros Oriental , Dumaguete City (Capital) , Cantil-E ,640
 NIR [Negros Island Region] , Negros Oriental , Dumaguete City (Capital) , Daro ,276
 NIR [Negros Island Region] , Negros Oriental , Dumaguete City (Capital) , Junob ,764
 NIR [Negros Island Region] , Negros Oriental , Dumaguete City (Capital) , Looc ,532
 NIR [Negros Island Region] , Negros Oriental , Dumaguete City (Capital) , Mangnao-Canal ,244
 NIR [Negros Island Region] , Negros Oriental , Dumaguete City (Capital) , Motong ,432
 NIR [Negros Island Region] , Negros Oriental , Dumaguete City (Capital) , Piapi ,200
 NIR [Negros Island Region] , Negros Oriental , Dumaguete City (Capital) , Poblacion No. 1 (Barangay 1) ,332
 NIR [Negros Island Region] , Negros Oriental , Dumaguete City (Capital) , Poblacion No. 2 (Barangay 2) ,196
 NIR [Negros Island Region] , Negros Oriental , Dumaguete City (Capital) , Poblacion No. 4 (Barangay 4) ,4
 NIR [Negros Island Region] , Negros Oriental , Dumaguete City (Capital) , Poblacion No. 7 (Barangay 7) ,64
 NIR [Negros Island Region] , Negros Oriental , Dumaguete City (Capital) , Poblacion No. 8 (Barangay 8) ,116
 NIR [Negros Island Region] , Negros Oriental , Dumaguete City (Capital) , Pulantubig ,204
 NIR [Negros Island Region] , Negros Oriental , Dumaguete City (Capital) , Tabuctubig ,144
 NIR [Negros Island Region] , Negros Oriental , Dumaguete City (Capital) , Taclobo ,272
 NIR [Negros Island Region] , Negros Oriental , Dumaguete City (Capital) , Talay ,264
 NIR [Negros Island Region] , Negros Oriental , Jimalalud , Aglahug ,508
 NIR [Negros Island Region] , Negros Oriental , Jimalalud , Agutayon ,272
 NIR [Negros Island Region] , Negros Oriental , Jimalalud , Apanangon ,1488
 NIR [Negros Island Region] , Negros Oriental , Jimalalud , Bae ,580
 NIR [Negros Island Region] , Negros Oriental , Jimalalud , Bala-As ,332
 NIR [Negros Island Region] , Negros Oriental , Jimalalud , Bangcal ,732
 NIR [Negros Island Region] , Negros Oriental , Jimalalud , Banog ,552
 NIR [Negros Island Region] , Negros Oriental , Jimalalud , Buto ,488
 NIR [Negros Island Region] , Negros Oriental , Jimalalud , Cabang ,380
 NIR [Negros Island Region] , Negros Oriental , Jimalalud , Camandayon ,604
 NIR [Negros Island Region] , Negros Oriental , Jimalalud , Cangharay ,920
 NIR [Negros Island Region] , Negros Oriental , Jimalalud , Canlahao ,312
 NIR [Negros Island Region] , Negros Oriental , Jimalalud , Dayoyo ,1104
 NIR [Negros Island Region] , Negros Oriental , Jimalalud , Eli ,1180
 NIR [Negros Island Region] , Negros Oriental , Jimalalud , Lacaon ,896
 NIR [Negros Island Region] , Negros Oriental , Jimalalud , Mahanlud ,800
 NIR [Negros Island Region] , Negros Oriental , Jimalalud , Malabago ,384
 NIR [Negros Island Region] , Negros Oriental , Jimalalud , Mambaid ,440
 NIR [Negros Island Region] , Negros Oriental , Jimalalud , Mongpong ,744
 NIR [Negros Island Region] , Negros Oriental , Jimalalud , North Poblacion ,408
 NIR [Negros Island Region] , Negros Oriental , Jimalalud , Owacan ,1224
 NIR [Negros Island Region] , Negros Oriental , Jimalalud , Pacuan ,1316
 NIR [Negros Island Region] , Negros Oriental , Jimalalud , Panglaya-An ,728
 NIR [Negros Island Region] , Negros Oriental , Jimalalud , Polopantao ,604
 NIR [Negros Island Region] , Negros Oriental , Jimalalud , Sampiniton ,1016
 NIR [Negros Island Region] , Negros Oriental , Jimalalud , South Poblacion ,568
 NIR [Negros Island Region] , Negros Oriental , Jimalalud , Talamban ,504
 NIR [Negros Island Region] , Negros Oriental , Jimalalud , Tamao ,1016
 NIR [Negros Island Region] , Negros Oriental , La Libertad , Aniniaw ,716
 NIR [Negros Island Region] , Negros Oriental , La Libertad , Aya ,840
 NIR [Negros Island Region] , Negros Oriental , La Libertad , Bagtic ,1044
 NIR [Negros Island Region] , Negros Oriental , La Libertad , Biga-A ,700
 NIR [Negros Island Region] , Negros Oriental , La Libertad , Busilak ,964
 NIR [Negros Island Region] , Negros Oriental , La Libertad , Cangabo ,712
 NIR [Negros Island Region] , Negros Oriental , La Libertad , Cantupa ,636
 NIR [Negros Island Region] , Negros Oriental , La Libertad , Elecia (Talostos) ,1316
 NIR [Negros Island Region] , Negros Oriental , La Libertad , Eli ,1132
 NIR [Negros Island Region] , Negros Oriental , La Libertad , Guihob ,1316
 NIR [Negros Island Region] , Negros Oriental , La Libertad , Kansumandig ,804
 NIR [Negros Island Region] , Negros Oriental , La Libertad , Mambulod ,452
 NIR [Negros Island Region] , Negros Oriental , La Libertad , Mandapaton ,1080
 NIR [Negros Island Region] , Negros Oriental , La Libertad , Manghulyawon ,972
 NIR [Negros Island Region] , Negros Oriental , La Libertad , Manluminsag ,532
 NIR [Negros Island Region] , Negros Oriental , La Libertad , Mapalasan ,464
 NIR [Negros Island Region] , Negros Oriental , La Libertad , Maragondong ,480
 NIR [Negros Island Region] , Negros Oriental , La Libertad , Martilo ,940
 NIR [Negros Island Region] , Negros Oriental , La Libertad , Nasungan ,1176
 NIR [Negros Island Region] , Negros Oriental , La Libertad , Pacuan ,1432
 NIR [Negros Island Region] , Negros Oriental , La Libertad , Pangca ,452
 NIR [Negros Island Region] , Negros Oriental , La Libertad , Pisong ,840
 NIR [Negros Island Region] , Negros Oriental , La Libertad , Pitogo ,1048
 NIR [Negros Island Region] , Negros Oriental , La Libertad , Poblacion North ,700
 NIR [Negros Island Region] , Negros Oriental , La Libertad , Poblacion South ,424
 NIR [Negros Island Region] , Negros Oriental , La Libertad , San Jose ,644
 NIR [Negros Island Region] , Negros Oriental , La Libertad , Solongon ,1180
 NIR [Negros Island Region] , Negros Oriental , La Libertad , Tala-On ,692
 NIR [Negros Island Region] , Negros Oriental , La Libertad , Talayong ,568
 NIR [Negros Island Region] , Negros Oriental , Mabinay , Abis ,1440
 NIR [Negros Island Region] , Negros Oriental , Mabinay , Arebasore ,1112
 NIR [Negros Island Region] , Negros Oriental , Mabinay , Bagtic ,1980
 NIR [Negros Island Region] , Negros Oriental , Mabinay , Banban ,764
 NIR [Negros Island Region] , Negros Oriental , Mabinay , Barras ,1504
 NIR [Negros Island Region] , Negros Oriental , Mabinay , Bato ,1040
 NIR [Negros Island Region] , Negros Oriental , Mabinay , Bugnay ,616
 NIR [Negros Island Region] , Negros Oriental , Mabinay , Bulibulihan ,748
 NIR [Negros Island Region] , Negros Oriental , Mabinay , Bulwang ,1176
 NIR [Negros Island Region] , Negros Oriental , Mabinay , Campanun-An ,1472
 NIR [Negros Island Region] , Negros Oriental , Mabinay , Canggohob ,1180
 NIR [Negros Island Region] , Negros Oriental , Mabinay , Cansal-Ing ,864
 NIR [Negros Island Region] , Negros Oriental , Mabinay , Dagbasan ,1332
 NIR [Negros Island Region] , Negros Oriental , Mabinay , Dahile ,2288
 NIR [Negros Island Region] , Negros Oriental , Mabinay , Hagtu ,788
 NIR [Negros Island Region] , Negros Oriental , Mabinay , Himocdongon ,1916
 NIR [Negros Island Region] , Negros Oriental , Mabinay , Inapoy ,1516
 NIR [Negros Island Region] , Negros Oriental , Mabinay , Lamdas ,1036
 NIR [Negros Island Region] , Negros Oriental , Mabinay , Lumbangan ,1984
 NIR [Negros Island Region] , Negros Oriental , Mabinay , Luyang ,1156
 NIR [Negros Island Region] , Negros Oriental , Mabinay , Manlingay ,540
 NIR [Negros Island Region] , Negros Oriental , Mabinay , Mayaposi ,1488
 NIR [Negros Island Region] , Negros Oriental , Mabinay , Napasu-An ,636
 NIR [Negros Island Region] , Negros Oriental , Mabinay , New Namangka ,304
 NIR [Negros Island Region] , Negros Oriental , Mabinay , Old Namangka ,1084
 NIR [Negros Island Region] , Negros Oriental , Mabinay , Pandanon ,1660
 NIR [Negros Island Region] , Negros Oriental , Mabinay , Paniabonan ,1568
 NIR [Negros Island Region] , Negros Oriental , Mabinay , Pantao ,2716
 NIR [Negros Island Region] , Negros Oriental , Mabinay , Poblacion ,944
 NIR [Negros Island Region] , Negros Oriental , Mabinay , Samac ,1872
 NIR [Negros Island Region] , Negros Oriental , Mabinay , Tadlong ,1256
 NIR [Negros Island Region] , Negros Oriental , Mabinay , Tara ,2716
 NIR [Negros Island Region] , Negros Oriental , Manjuyod , Alangilanan ,1004
 NIR [Negros Island Region] , Negros Oriental , Manjuyod , Bagtic ,1188
 NIR [Negros Island Region] , Negros Oriental , Manjuyod , Balaas ,396
 NIR [Negros Island Region] , Negros Oriental , Manjuyod , Bantolinao ,1020
 NIR [Negros Island Region] , Negros Oriental , Manjuyod , Bolisong ,1232
 NIR [Negros Island Region] , Negros Oriental , Manjuyod , Butong ,852
 NIR [Negros Island Region] , Negros Oriental , Manjuyod , Campuyo ,1048
 NIR [Negros Island Region] , Negros Oriental , Manjuyod , Candabong ,1500
 NIR [Negros Island Region] , Negros Oriental , Manjuyod , Concepcion ,408
 NIR [Negros Island Region] , Negros Oriental , Manjuyod , Dungo-An ,524
 NIR [Negros Island Region] , Negros Oriental , Manjuyod , Kauswagan ,728
 NIR [Negros Island Region] , Negros Oriental , Manjuyod , Lamogong ,1352
 NIR [Negros Island Region] , Negros Oriental , Manjuyod , Libjo ,564
 NIR [Negros Island Region] , Negros Oriental , Manjuyod , Maaslum ,912
 NIR [Negros Island Region] , Negros Oriental , Manjuyod , Mandalupang ,1092
 NIR [Negros Island Region] , Negros Oriental , Manjuyod , Panciao ,1604
 NIR [Negros Island Region] , Negros Oriental , Manjuyod , Poblacion ,68
 NIR [Negros Island Region] , Negros Oriental , Manjuyod , Sac-Sac ,476
 NIR [Negros Island Region] , Negros Oriental , Manjuyod , Salvacion ,760
 NIR [Negros Island Region] , Negros Oriental , Manjuyod , San Isidro ,412
 NIR [Negros Island Region] , Negros Oriental , Manjuyod , San Jose ,320
 NIR [Negros Island Region] , Negros Oriental , Manjuyod , Santa Monica ,100
 NIR [Negros Island Region] , Negros Oriental , Manjuyod , Suba ,112
 NIR [Negros Island Region] , Negros Oriental , Manjuyod , Sundo-An ,500
 NIR [Negros Island Region] , Negros Oriental , Manjuyod , Tanglad ,808
 NIR [Negros Island Region] , Negros Oriental , Manjuyod , Tubod ,468
 NIR [Negros Island Region] , Negros Oriental , Manjuyod , Tupas ,320
 NIR [Negros Island Region] , Negros Oriental , Pamplona , Abante ,408
 NIR [Negros Island Region] , Negros Oriental , Pamplona , Balayong ,1068
 NIR [Negros Island Region] , Negros Oriental , Pamplona , Banawe ,856
 NIR [Negros Island Region] , Negros Oriental , Pamplona , Calicanan ,1572
 NIR [Negros Island Region] , Negros Oriental , Pamplona , Datagon ,900
 NIR [Negros Island Region] , Negros Oriental , Pamplona , Fatima ,1100
 NIR [Negros Island Region] , Negros Oriental , Pamplona , Inawasan ,804
 NIR [Negros Island Region] , Negros Oriental , Pamplona , Magsusunog ,692
 NIR [Negros Island Region] , Negros Oriental , Pamplona , Malalangsi ,744
 NIR [Negros Island Region] , Negros Oriental , Pamplona , Mamburao ,1088
 NIR [Negros Island Region] , Negros Oriental , Pamplona , Mangoto ,744
 NIR [Negros Island Region] , Negros Oriental , Pamplona , Poblacion ,1364
 NIR [Negros Island Region] , Negros Oriental , Pamplona , San Isidro ,1672
 NIR [Negros Island Region] , Negros Oriental , Pamplona , Santa Agueda ,908
 NIR [Negros Island Region] , Negros Oriental , Pamplona , Simborio ,708
 NIR [Negros Island Region] , Negros Oriental , Pamplona , Yupisan ,988
 NIR [Negros Island Region] , Negros Oriental , San Jose , Basak ,428
 NIR [Negros Island Region] , Negros Oriental , San Jose , Basiao ,360
 NIR [Negros Island Region] , Negros Oriental , San Jose , Cambaloctot ,304
 NIR [Negros Island Region] , Negros Oriental , San Jose , Cancawas ,548
 NIR [Negros Island Region] , Negros Oriental , San Jose , Janayjanay ,408
 NIR [Negros Island Region] , Negros Oriental , San Jose , Jilocon ,648
 NIR [Negros Island Region] , Negros Oriental , San Jose , Naiba ,288
 NIR [Negros Island Region] , Negros Oriental , San Jose , Poblacion ,164
 NIR [Negros Island Region] , Negros Oriental , San Jose , San Roque ,328
 NIR [Negros Island Region] , Negros Oriental , San Jose , Santo Niño ,592
 NIR [Negros Island Region] , Negros Oriental , San Jose , Señora Ascion (Calo) ,696
 NIR [Negros Island Region] , Negros Oriental , San Jose , Siapo ,988
 NIR [Negros Island Region] , Negros Oriental , San Jose , Tampi ,416
 NIR [Negros Island Region] , Negros Oriental , San Jose , Tapon Norte ,776
 NIR [Negros Island Region] , Negros Oriental , Santa Catalina , Alangilan ,3084
 NIR [Negros Island Region] , Negros Oriental , Santa Catalina , Amio ,1208
 NIR [Negros Island Region] , Negros Oriental , Santa Catalina , Buenavista ,936
 NIR [Negros Island Region] , Negros Oriental , Santa Catalina , Caigangan ,844
 NIR [Negros Island Region] , Negros Oriental , Santa Catalina , Caranoche ,1564
 NIR [Negros Island Region] , Negros Oriental , Santa Catalina , Cawitan ,3244
 NIR [Negros Island Region] , Negros Oriental , Santa Catalina , Fatima ,844
 NIR [Negros Island Region] , Negros Oriental , Santa Catalina , Kabulacan ,1516
 NIR [Negros Island Region] , Negros Oriental , Santa Catalina , Mabuhay ,1032
 NIR [Negros Island Region] , Negros Oriental , Santa Catalina , Manalongon ,2368
 NIR [Negros Island Region] , Negros Oriental , Santa Catalina , Mansagomayon ,720
 NIR [Negros Island Region] , Negros Oriental , Santa Catalina , Milagrosa ,2192
 NIR [Negros Island Region] , Negros Oriental , Santa Catalina , Nagbalaye ,2852
 NIR [Negros Island Region] , Negros Oriental , Santa Catalina , Nagbinlod ,2020
 NIR [Negros Island Region] , Negros Oriental , Santa Catalina , Obat ,1300
 NIR [Negros Island Region] , Negros Oriental , Santa Catalina , Poblacion ,4168
 NIR [Negros Island Region] , Negros Oriental , Santa Catalina , San Francisco ,2284
 NIR [Negros Island Region] , Negros Oriental , Santa Catalina , San Jose ,1752
 NIR [Negros Island Region] , Negros Oriental , Santa Catalina , San Miguel ,852
 NIR [Negros Island Region] , Negros Oriental , Santa Catalina , San Pedro ,1776
 NIR [Negros Island Region] , Negros Oriental , Santa Catalina , Santo Rosario ,816
 NIR [Negros Island Region] , Negros Oriental , Santa Catalina , Talalak ,2788
 NIR [Negros Island Region] , Negros Oriental , Siaton , Albiga ,724
 NIR [Negros Island Region] , Negros Oriental , Siaton , Apoloy ,1336
 NIR [Negros Island Region] , Negros Oriental , Siaton , Bonawon ,4656
 NIR [Negros Island Region] , Negros Oriental , Siaton , Bonbonon ,880
 NIR [Negros Island Region] , Negros Oriental , Siaton , Cabangahan ,1636
 NIR [Negros Island Region] , Negros Oriental , Siaton , Canaway ,1664
 NIR [Negros Island Region] , Negros Oriental , Siaton , Casala-An ,2504
 NIR [Negros Island Region] , Negros Oriental , Siaton , Caticugan ,1020
 NIR [Negros Island Region] , Negros Oriental , Siaton , Datag ,1004
 NIR [Negros Island Region] , Negros Oriental , Siaton , Giliga-On ,2644
 NIR [Negros Island Region] , Negros Oriental , Siaton , Inalad ,556
 NIR [Negros Island Region] , Negros Oriental , Siaton , Malabuhan ,1416
 NIR [Negros Island Region] , Negros Oriental , Siaton , Maloh ,2876
 NIR [Negros Island Region] , Negros Oriental , Siaton , Mantiquil ,1860
 NIR [Negros Island Region] , Negros Oriental , Siaton , Mantuyop ,764
 NIR [Negros Island Region] , Negros Oriental , Siaton , Napacao ,1520
 NIR [Negros Island Region] , Negros Oriental , Siaton , Poblacion I ,308
 NIR [Negros Island Region] , Negros Oriental , Siaton , Poblacion Ii ,324
 NIR [Negros Island Region] , Negros Oriental , Siaton , Poblacion Iii ,928
 NIR [Negros Island Region] , Negros Oriental , Siaton , Poblacion Iv ,608
 NIR [Negros Island Region] , Negros Oriental , Siaton , Salag ,1460
 NIR [Negros Island Region] , Negros Oriental , Siaton , San Jose ,408
 NIR [Negros Island Region] , Negros Oriental , Siaton , Sandulot ,1784
 NIR [Negros Island Region] , Negros Oriental , Siaton , Si-It ,1020
 NIR [Negros Island Region] , Negros Oriental , Siaton , Sumaliring ,596
 NIR [Negros Island Region] , Negros Oriental , Siaton , Tayak ,1860
 NIR [Negros Island Region] , Negros Oriental , Sibulan , Agan-An ,432
 NIR [Negros Island Region] , Negros Oriental , Sibulan , Ajong ,1300
 NIR [Negros Island Region] , Negros Oriental , Sibulan , Balugo ,964
 NIR [Negros Island Region] , Negros Oriental , Sibulan , Bolocboloc ,660
 NIR [Negros Island Region] , Negros Oriental , Sibulan , Calabnugan ,504
 NIR [Negros Island Region] , Negros Oriental , Sibulan , Cangmating ,760
 NIR [Negros Island Region] , Negros Oriental , Sibulan , Enrique Villanueva ,748
 NIR [Negros Island Region] , Negros Oriental , Sibulan , Looc ,1296
 NIR [Negros Island Region] , Negros Oriental , Sibulan , Magatas ,508
 NIR [Negros Island Region] , Negros Oriental , Sibulan , Maningcao ,860
 NIR [Negros Island Region] , Negros Oriental , Sibulan , Maslog ,684
 NIR [Negros Island Region] , Negros Oriental , Sibulan , Poblacion ,472
 NIR [Negros Island Region] , Negros Oriental , Sibulan , San Antonio ,976
 NIR [Negros Island Region] , Negros Oriental , Sibulan , Tubigon ,612
 NIR [Negros Island Region] , Negros Oriental , Sibulan , Tubtubon ,952
 NIR [Negros Island Region] , Negros Oriental , Tayasan , Bacong ,304
 NIR [Negros Island Region] , Negros Oriental , Tayasan , Bago ,1944
 NIR [Negros Island Region] , Negros Oriental , Tayasan , Banga ,896
 NIR [Negros Island Region] , Negros Oriental , Tayasan , Cabulotan ,468
 NIR [Negros Island Region] , Negros Oriental , Tayasan , Cambaye ,896
 NIR [Negros Island Region] , Negros Oriental , Tayasan , Dalaupon ,676
 NIR [Negros Island Region] , Negros Oriental , Tayasan , Guincalaban ,1664
 NIR [Negros Island Region] , Negros Oriental , Tayasan , Ilaya-Tayasan ,708
 NIR [Negros Island Region] , Negros Oriental , Tayasan , Jilabangan ,1012
 NIR [Negros Island Region] , Negros Oriental , Tayasan , Lag-It ,1192
 NIR [Negros Island Region] , Negros Oriental , Tayasan , Linao ,768
 NIR [Negros Island Region] , Negros Oriental , Tayasan , Lutay ,492
 NIR [Negros Island Region] , Negros Oriental , Tayasan , Maglihe ,556
 NIR [Negros Island Region] , Negros Oriental , Tayasan , Magtuhao ,244
 NIR [Negros Island Region] , Negros Oriental , Tayasan , Matauta ,444
 NIR [Negros Island Region] , Negros Oriental , Tayasan , Matuog ,980
 NIR [Negros Island Region] , Negros Oriental , Tayasan , Numnum ,408
 NIR [Negros Island Region] , Negros Oriental , Tayasan , Palaslan ,732
 NIR [Negros Island Region] , Negros Oriental , Tayasan , Pinalubngan ,644
 NIR [Negros Island Region] , Negros Oriental , Tayasan , Pindahan ,1640
 NIR [Negros Island Region] , Negros Oriental , Tayasan , Pinocawan ,1076
 NIR [Negros Island Region] , Negros Oriental , Tayasan , Poblacion ,528
 NIR [Negros Island Region] , Negros Oriental , Tayasan , Santa Cruz ,380
 NIR [Negros Island Region] , Negros Oriental , Tayasan , Saying ,492
 NIR [Negros Island Region] , Negros Oriental , Tayasan , Suquib ,636
 NIR [Negros Island Region] , Negros Oriental , Tayasan , Tamao ,700
 NIR [Negros Island Region] , Negros Oriental , Tayasan , Tambulan ,1964
 NIR [Negros Island Region] , Negros Oriental , Tayasan , Tanlad ,656
 NIR [Negros Island Region] , Negros Oriental , Valencia (Luzurriaga) , Apolong ,304
 NIR [Negros Island Region] , Negros Oriental , Valencia (Luzurriaga) , Balabag East ,332
 NIR [Negros Island Region] , Negros Oriental , Valencia (Luzurriaga) , Balabag West ,296
 NIR [Negros Island Region] , Negros Oriental , Valencia (Luzurriaga) , Balayagmanok ,224
 NIR [Negros Island Region] , Negros Oriental , Valencia (Luzurriaga) , Balili ,216
 NIR [Negros Island Region] , Negros Oriental , Valencia (Luzurriaga) , Balugo ,260
 NIR [Negros Island Region] , Negros Oriental , Valencia (Luzurriaga) , Bong-Ao ,328
 NIR [Negros Island Region] , Negros Oriental , Valencia (Luzurriaga) , Bongbong ,324
 NIR [Negros Island Region] , Negros Oriental , Valencia (Luzurriaga) , Caidiocan ,424
 NIR [Negros Island Region] , Negros Oriental , Valencia (Luzurriaga) , Calayugan ,208
 NIR [Negros Island Region] , Negros Oriental , Valencia (Luzurriaga) , Cambucad ,184
 NIR [Negros Island Region] , Negros Oriental , Valencia (Luzurriaga) , Dobdob ,892
 NIR [Negros Island Region] , Negros Oriental , Valencia (Luzurriaga) , Jawa ,172
 NIR [Negros Island Region] , Negros Oriental , Valencia (Luzurriaga) , Liptong ,200
 NIR [Negros Island Region] , Negros Oriental , Valencia (Luzurriaga) , Lunga ,160
 NIR [Negros Island Region] , Negros Oriental , Valencia (Luzurriaga) , Malabo ,356
 NIR [Negros Island Region] , Negros Oriental , Valencia (Luzurriaga) , Malaunay ,912
 NIR [Negros Island Region] , Negros Oriental , Valencia (Luzurriaga) , Mampas ,140
 NIR [Negros Island Region] , Negros Oriental , Valencia (Luzurriaga) , North Poblacion ,48
 NIR [Negros Island Region] , Negros Oriental , Valencia (Luzurriaga) , Palinpinon ,568
 NIR [Negros Island Region] , Negros Oriental , Valencia (Luzurriaga) , Puhagan ,548
 NIR [Negros Island Region] , Negros Oriental , Valencia (Luzurriaga) , Pulangbato ,380
 NIR [Negros Island Region] , Negros Oriental , Valencia (Luzurriaga) , Sagbang ,312
 NIR [Negros Island Region] , Negros Oriental , Valencia (Luzurriaga) , South Poblacion ,16
 NIR [Negros Island Region] , Negros Oriental , Vallehermoso , Bagawines ,2900
 NIR [Negros Island Region] , Negros Oriental , Vallehermoso , Bairan ,344
 NIR [Negros Island Region] , Negros Oriental , Vallehermoso , Cabulihan ,868
 NIR [Negros Island Region] , Negros Oriental , Vallehermoso , Don Espiridion Villegas ,1020
 NIR [Negros Island Region] , Negros Oriental , Vallehermoso , Guba ,1528
 NIR [Negros Island Region] , Negros Oriental , Vallehermoso , Macapso ,540
 NIR [Negros Island Region] , Negros Oriental , Vallehermoso , Maglahos ,856
 NIR [Negros Island Region] , Negros Oriental , Vallehermoso , Malangsa ,1308
 NIR [Negros Island Region] , Negros Oriental , Vallehermoso , Molobolo ,1140
 NIR [Negros Island Region] , Negros Oriental , Vallehermoso , Pinocawan ,2860
 NIR [Negros Island Region] , Negros Oriental , Vallehermoso , Poblacion ,1848
 NIR [Negros Island Region] , Negros Oriental , Vallehermoso , Puan ,844
 NIR [Negros Island Region] , Negros Oriental , Vallehermoso , Tabon ,1604
 NIR [Negros Island Region] , Negros Oriental , Vallehermoso , Tagbino ,2588
 NIR [Negros Island Region] , Negros Oriental , Vallehermoso , Ulay ,1208
 NIR [Negros Island Region] , Negros Oriental , Zamboanguita , Basac ,828
 NIR [Negros Island Region] , Negros Oriental , Zamboanguita , Calango ,760
 NIR [Negros Island Region] , Negros Oriental , Zamboanguita , Lotuban ,672
 NIR [Negros Island Region] , Negros Oriental , Zamboanguita , Malongcay Diot ,352
 NIR [Negros Island Region] , Negros Oriental , Zamboanguita , Maluay ,1148
 NIR [Negros Island Region] , Negros Oriental , Zamboanguita , Mayabon ,2660
 NIR [Negros Island Region] , Negros Oriental , Zamboanguita , Nabago ,300
 NIR [Negros Island Region] , Negros Oriental , Zamboanguita , Najandig ,772
 NIR [Negros Island Region] , Negros Oriental , Zamboanguita , Nasig-Id ,536
 NIR [Negros Island Region] , Negros Oriental , Zamboanguita , Poblacion ,744
